Date,Year,Month,SN,SN_clean,StdDev,Observations,Provisional
1749-01-01,1749,1,96.7,96.7,-1.0,-1,1
1749-02-01,1749,2,104.3,104.3,-1.0,-1,1
1749-03-01,1749,3,116.7,116.7,-1.0,-1,1
1749-04-01,1749,4,92.8,92.8,-1.0,-1,1
1749-05-01,1749,5,141.7,141.7,-1.0,-1,1
1749-06-01,1749,6,139.2,139.2,-1.0,-1,1
1749-07-01,1749,7,158.0,158.0,-1.0,-1,1
1749-08-01,1749,8,110.5,110.5,-1.0,-1,1
1749-09-01,1749,9,126.5,126.5,-1.0,-1,1
1749-10-01,1749,10,125.8,125.8,-1.0,-1,1
1749-11-01,1749,11,264.3,264.3,-1.0,-1,1
1749-12-01,1749,12,142.0,142.0,-1.0,-1,1
1750-01-01,1750,1,122.2,122.2,-1.0,-1,1
1750-02-01,1750,2,126.5,126.5,-1.0,-1,1
1750-03-01,1750,3,148.7,148.7,-1.0,-1,1
1750-04-01,1750,4,147.2,147.2,-1.0,-1,1
1750-05-01,1750,5,150.0,150.0,-1.0,-1,1
1750-06-01,1750,6,166.7,166.7,-1.0,-1,1
1750-07-01,1750,7,142.3,142.3,-1.0,-1,1
1750-08-01,1750,8,171.7,171.7,-1.0,-1,1
1750-09-01,1750,9,152.0,152.0,-1.0,-1,1
1750-10-01,1750,10,109.5,109.5,-1.0,-1,1
1750-11-01,1750,11,105.5,105.5,-1.0,-1,1
1750-12-01,1750,12,125.7,125.7,-1.0,-1,1
1751-01-01,1751,1,116.7,116.7,-1.0,-1,1
1751-02-01,1751,2,72.5,72.5,-1.0,-1,1
1751-03-01,1751,3,75.5,75.5,-1.0,-1,1
1751-04-01,1751,4,94.0,94.0,-1.0,-1,1
1751-05-01,1751,5,101.2,101.2,-1.0,-1,1
1751-06-01,1751,6,84.5,84.5,-1.0,-1,1
1751-07-01,1751,7,110.5,110.5,-1.0,-1,1
1751-08-01,1751,8,99.7,99.7,-1.0,-1,1
1751-09-01,1751,9,39.2,39.2,-1.0,-1,1
1751-10-01,1751,10,38.7,38.7,-1.0,-1,1
1751-11-01,1751,11,47.5,47.5,-1.0,-1,1
1751-12-01,1751,12,73.3,73.3,-1.0,-1,1
1752-01-01,1752,1,58.3,58.3,-1.0,-1,1
1752-02-01,1752,2,83.3,83.3,-1.0,-1,1
1752-03-01,1752,3,118.3,118.3,-1.0,-1,1
1752-04-01,1752,4,98.8,98.8,-1.0,-1,1
1752-05-01,1752,5,99.5,99.5,-1.0,-1,1
1752-06-01,1752,6,66.0,66.0,-1.0,-1,1
1752-07-01,1752,7,130.7,130.7,-1.0,-1,1
1752-08-01,1752,8,48.8,48.8,-1.0,-1,1
1752-09-01,1752,9,45.2,45.2,-1.0,-1,1
1752-10-01,1752,10,77.7,77.7,-1.0,-1,1
1752-11-01,1752,11,62.7,62.7,-1.0,-1,1
1752-12-01,1752,12,66.7,66.7,-1.0,-1,1
1753-01-01,1753,1,73.3,73.3,-1.0,-1,1
1753-02-01,1753,2,53.3,53.3,-1.0,-1,1
1753-03-01,1753,3,76.2,76.2,-1.0,-1,1
1753-04-01,1753,4,63.3,63.3,-1.0,-1,1
1753-05-01,1753,5,60.0,60.0,-1.0,-1,1
1753-06-01,1753,6,52.8,52.8,-1.0,-1,1
1753-07-01,1753,7,36.7,36.7,-1.0,-1,1
1753-08-01,1753,8,65.0,65.0,-1.0,-1,1
1753-09-01,1753,9,46.7,46.7,-1.0,-1,1
1753-10-01,1753,10,41.7,41.7,-1.0,-1,1
1753-11-01,1753,11,33.3,33.3,-1.0,-1,1
1753-12-01,1753,12,11.2,11.2,-1.0,-1,1
1754-01-01,1754,1,0.0,0.0,-1.0,-1,1
1754-02-01,1754,2,5.0,5.0,-1.0,-1,1
1754-03-01,1754,3,2.8,2.8,-1.0,-1,1
1754-04-01,1754,4,22.8,22.8,-1.0,-1,1
1754-05-01,1754,5,34.5,34.5,-1.0,-1,1
1754-06-01,1754,6,44.5,44.5,-1.0,-1,1
1754-07-01,1754,7,31.3,31.3,-1.0,-1,1
1754-08-01,1754,8,20.5,20.5,-1.0,-1,1
1754-09-01,1754,9,13.7,13.7,-1.0,-1,1
1754-10-01,1754,10,40.2,40.2,-1.0,-1,1
1754-11-01,1754,11,22.0,22.0,-1.0,-1,1
1754-12-01,1754,12,7.0,7.0,-1.0,-1,1
1755-01-01,1755,1,17.0,17.0,-1.0,-1,1
1755-02-01,1755,2,18.7,18.7,-1.0,-1,1
1755-03-01,1755,3,11.3,11.3,-1.0,-1,1
1755-04-01,1755,4,10.8,10.8,-1.0,-1,1
1755-05-01,1755,5,0.0,0.0,-1.0,-1,1
1755-06-01,1755,6,0.0,0.0,-1.0,-1,1
1755-07-01,1755,7,14.3,14.3,-1.0,-1,1
1755-08-01,1755,8,5.3,5.3,-1.0,-1,1
1755-09-01,1755,9,29.7,29.7,-1.0,-1,1
1755-10-01,1755,10,39.5,39.5,-1.0,-1,1
1755-11-01,1755,11,11.3,11.3,-1.0,-1,1
1755-12-01,1755,12,33.3,33.3,-1.0,-1,1
1756-01-01,1756,1,20.8,20.8,-1.0,-1,1
1756-02-01,1756,2,11.8,11.8,-1.0,-1,1
1756-03-01,1756,3,9.0,9.0,-1.0,-1,1
1756-04-01,1756,4,15.7,15.7,-1.0,-1,1
1756-05-01,1756,5,20.8,20.8,-1.0,-1,1
1756-06-01,1756,6,21.5,21.5,-1.0,-1,1
1756-07-01,1756,7,6.0,6.0,-1.0,-1,1
1756-08-01,1756,8,10.7,10.7,-1.0,-1,1
1756-09-01,1756,9,19.7,19.7,-1.0,-1,1
1756-10-01,1756,10,23.8,23.8,-1.0,-1,1
1756-11-01,1756,11,28.3,28.3,-1.0,-1,1
1756-12-01,1756,12,15.7,15.7,-1.0,-1,1
1757-01-01,1757,1,23.5,23.5,-1.0,-1,1
1757-02-01,1757,2,35.3,35.3,-1.0,-1,1
1757-03-01,1757,3,43.7,43.7,-1.0,-1,1
1757-04-01,1757,4,50.0,50.0,-1.0,-1,1
1757-05-01,1757,5,63.5,63.5,-1.0,-1,1
1757-06-01,1757,6,21.3,21.3,-1.0,-1,1
1757-07-01,1757,7,41.7,41.7,-1.0,-1,1
1757-08-01,1757,8,85.5,85.5,-1.0,-1,1
1757-09-01,1757,9,66.2,66.2,-1.0,-1,1
1757-10-01,1757,10,54.2,54.2,-1.0,-1,1
1757-11-01,1757,11,107.8,107.8,-1.0,-1,1
1757-12-01,1757,12,55.8,55.8,-1.0,-1,1
1758-01-01,1758,1,62.7,62.7,-1.0,-1,1
1758-02-01,1758,2,86.7,86.7,-1.0,-1,1
1758-03-01,1758,3,81.7,81.7,-1.0,-1,1
1758-04-01,1758,4,120.5,120.5,-1.0,-1,1
1758-05-01,1758,5,77.3,77.3,-1.0,-1,1
1758-06-01,1758,6,75.0,75.0,-1.0,-1,1
1758-07-01,1758,7,73.3,73.3,-1.0,-1,1
1758-08-01,1758,8,64.5,64.5,-1.0,-1,1
1758-09-01,1758,9,104.2,104.2,-1.0,-1,1
1758-10-01,1758,10,62.8,62.8,-1.0,-1,1
1758-11-01,1758,11,71.7,71.7,-1.0,-1,1
1758-12-01,1758,12,71.7,71.7,-1.0,-1,1
1759-01-01,1759,1,80.5,80.5,-1.0,-1,1
1759-02-01,1759,2,73.3,73.3,-1.0,-1,1
1759-03-01,1759,3,78.0,78.0,-1.0,-1,1
1759-04-01,1759,4,78.3,78.3,-1.0,-1,1
1759-05-01,1759,5,81.7,81.7,-1.0,-1,1
1759-06-01,1759,6,83.3,83.3,-1.0,-1,1
1759-07-01,1759,7,85.0,85.0,-1.0,-1,1
1759-08-01,1759,8,118.8,118.8,-1.0,-1,1
1759-09-01,1759,9,128.7,128.7,-1.0,-1,1
1759-10-01,1759,10,99.5,99.5,-1.0,-1,1
1759-11-01,1759,11,77.2,77.2,-1.0,-1,1
1759-12-01,1759,12,95.0,95.0,-1.0,-1,1
1760-01-01,1760,1,112.2,112.2,-1.0,-1,1
1760-02-01,1760,2,99.2,99.2,-1.0,-1,1
1760-03-01,1760,3,124.5,124.5,-1.0,-1,1
1760-04-01,1760,4,97.2,97.2,-1.0,-1,1
1760-05-01,1760,5,120.0,120.0,-1.0,-1,1
1760-06-01,1760,6,80.5,80.5,-1.0,-1,1
1760-07-01,1760,7,110.0,110.0,-1.0,-1,1
1760-08-01,1760,8,126.0,126.0,-1.0,-1,1
1760-09-01,1760,9,102.2,102.2,-1.0,-1,1
1760-10-01,1760,10,84.3,84.3,-1.0,-1,1
1760-11-01,1760,11,99.5,99.5,-1.0,-1,1
1760-12-01,1760,12,101.7,101.7,-1.0,-1,1
1761-01-01,1761,1,116.7,116.7,-1.0,-1,1
1761-02-01,1761,2,151.7,151.7,-1.0,-1,1
1761-03-01,1761,3,134.5,134.5,-1.0,-1,1
1761-04-01,1761,4,119.5,119.5,-1.0,-1,1
1761-05-01,1761,5,178.7,178.7,-1.0,-1,1
1761-06-01,1761,6,165.5,165.5,-1.0,-1,1
1761-07-01,1761,7,156.8,156.8,-1.0,-1,1
1761-08-01,1761,8,151.8,151.8,-1.0,-1,1
1761-09-01,1761,9,167.8,167.8,-1.0,-1,1
1761-10-01,1761,10,147.8,147.8,-1.0,-1,1
1761-11-01,1761,11,149.5,149.5,-1.0,-1,1
1761-12-01,1761,12,76.7,76.7,-1.0,-1,1
1762-01-01,1762,1,73.0,73.0,-1.0,-1,1
1762-02-01,1762,2,121.3,121.3,-1.0,-1,1
1762-03-01,1762,3,76.2,76.2,-1.0,-1,1
1762-04-01,1762,4,100.3,100.3,-1.0,-1,1
1762-05-01,1762,5,66.5,66.5,-1.0,-1,1
1762-06-01,1762,6,128.5,128.5,-1.0,-1,1
1762-07-01,1762,7,56.3,56.3,-1.0,-1,1
1762-08-01,1762,8,112.8,112.8,-1.0,-1,1
1762-09-01,1762,9,114.2,114.2,-1.0,-1,1
1762-10-01,1762,10,115.5,115.5,-1.0,-1,1
1762-11-01,1762,11,129.7,129.7,-1.0,-1,1
1762-12-01,1762,12,128.7,128.7,-1.0,-1,1
1763-01-01,1763,1,94.2,94.2,-1.0,-1,1
1763-02-01,1763,2,53.2,53.2,-1.0,-1,1
1763-03-01,1763,3,57.0,57.0,-1.0,-1,1
1763-04-01,1763,4,54.8,54.8,-1.0,-1,1
1763-05-01,1763,5,54.5,54.5,-1.0,-1,1
1763-06-01,1763,6,59.7,59.7,-1.0,-1,1
1763-07-01,1763,7,90.3,90.3,-1.0,-1,1
1763-08-01,1763,8,44.2,44.2,-1.0,-1,1
1763-09-01,1763,9,113.5,113.5,-1.0,-1,1
1763-10-01,1763,10,77.2,77.2,-1.0,-1,1
1763-11-01,1763,11,101.5,101.5,-1.0,-1,1
1763-12-01,1763,12,102.3,102.3,-1.0,-1,1
1764-01-01,1764,1,99.5,99.5,-1.0,-1,1
1764-02-01,1764,2,99.5,99.5,-1.0,-1,1
1764-03-01,1764,3,67.0,67.0,-1.0,-1,1
1764-04-01,1764,4,57.3,57.3,-1.0,-1,1
1764-05-01,1764,5,73.8,73.8,-1.0,-1,1
1764-06-01,1764,6,50.0,50.0,-1.0,-1,1
1764-07-01,1764,7,50.0,50.0,-1.0,-1,1
1764-08-01,1764,8,50.0,50.0,-1.0,-1,1
1764-09-01,1764,9,47.0,47.0,-1.0,-1,1
1764-10-01,1764,10,46.7,46.7,-1.0,-1,1
1764-11-01,1764,11,43.3,43.3,-1.0,-1,1
1764-12-01,1764,12,42.8,42.8,-1.0,-1,1
1765-01-01,1765,1,40.0,40.0,-1.0,-1,1
1765-02-01,1765,2,43.3,43.3,-1.0,-1,1
1765-03-01,1765,3,41.7,41.7,-1.0,-1,1
1765-04-01,1765,4,36.7,36.7,-1.0,-1,1
1765-05-01,1765,5,33.7,33.7,-1.0,-1,1
1765-06-01,1765,6,33.3,33.3,-1.0,-1,1
1765-07-01,1765,7,45.0,45.0,-1.0,-1,1
1765-08-01,1765,8,49.5,49.5,-1.0,-1,1
1765-09-01,1765,9,26.7,26.7,-1.0,-1,1
1765-10-01,1765,10,23.3,23.3,-1.0,-1,1
1765-11-01,1765,11,23.3,23.3,-1.0,-1,1
1765-12-01,1765,12,21.7,21.7,-1.0,-1,1
1766-01-01,1766,1,20.0,20.0,-1.0,-1,1
1766-02-01,1766,2,18.3,18.3,-1.0,-1,1
1766-03-01,1766,3,61.0,61.0,-1.0,-1,1
1766-04-01,1766,4,10.0,10.0,-1.0,-1,1
1766-05-01,1766,5,44.7,44.7,-1.0,-1,1
1766-06-01,1766,6,5.0,5.0,-1.0,-1,1
1766-07-01,1766,7,5.5,5.5,-1.0,-1,1
1766-08-01,1766,8,6.7,6.7,-1.0,-1,1
1766-09-01,1766,9,7.2,7.2,-1.0,-1,1
1766-10-01,1766,10,8.3,8.3,-1.0,-1,1
1766-11-01,1766,11,9.5,9.5,-1.0,-1,1
1766-12-01,1766,12,32.0,32.0,-1.0,-1,1
1767-01-01,1767,1,45.7,45.7,-1.0,-1,1
1767-02-01,1767,2,50.0,50.0,-1.0,-1,1
1767-03-01,1767,3,71.7,71.7,-1.0,-1,1
1767-04-01,1767,4,54.8,54.8,-1.0,-1,1
1767-05-01,1767,5,49.7,49.7,-1.0,-1,1
1767-06-01,1767,6,55.5,55.5,-1.0,-1,1
1767-07-01,1767,7,36.5,36.5,-1.0,-1,1
1767-08-01,1767,8,68.0,68.0,-1.0,-1,1
1767-09-01,1767,9,71.2,71.2,-1.0,-1,1
1767-10-01,1767,10,73.5,73.5,-1.0,-1,1
1767-11-01,1767,11,91.2,91.2,-1.0,-1,1
1767-12-01,1767,12,88.8,88.8,-1.0,-1,1
1768-01-01,1768,1,89.2,89.2,-1.0,-1,1
1768-02-01,1768,2,110.2,110.2,-1.0,-1,1
1768-03-01,1768,3,77.2,77.2,-1.0,-1,1
1768-04-01,1768,4,71.2,71.2,-1.0,-1,1
1768-05-01,1768,5,129.5,129.5,-1.0,-1,1
1768-06-01,1768,6,129.0,129.0,-1.0,-1,1
1768-07-01,1768,7,87.7,87.7,-1.0,-1,1
1768-08-01,1768,8,111.3,111.3,-1.0,-1,1
1768-09-01,1768,9,124.7,124.7,-1.0,-1,1
1768-10-01,1768,10,129.7,129.7,-1.0,-1,1
1768-11-01,1768,11,151.0,151.0,-1.0,-1,1
1768-12-01,1768,12,186.3,186.3,-1.0,-1,1
1769-01-01,1769,1,123.2,123.2,-1.0,-1,1
1769-02-01,1769,2,107.0,107.0,-1.0,-1,1
1769-03-01,1769,3,107.2,107.2,-1.0,-1,1
1769-04-01,1769,4,161.2,161.2,-1.0,-1,1
1769-05-01,1769,5,122.7,122.7,-1.0,-1,1
1769-06-01,1769,6,157.3,157.3,-1.0,-1,1
1769-07-01,1769,7,197.7,197.7,-1.0,-1,1
1769-08-01,1769,8,200.5,200.5,-1.0,-1,1
1769-09-01,1769,9,248.0,248.0,-1.0,-1,1
1769-10-01,1769,10,263.7,263.7,-1.0,-1,1
1769-11-01,1769,11,246.8,246.8,-1.0,-1,1
1769-12-01,1769,12,186.7,186.7,-1.0,-1,1
1770-01-01,1770,1,173.3,173.3,-1.0,-1,1
1770-02-01,1770,2,237.5,237.5,-1.0,-1,1
1770-03-01,1770,3,133.5,133.5,-1.0,-1,1
1770-04-01,1770,4,85.0,85.0,-1.0,-1,1
1770-05-01,1770,5,116.8,116.8,-1.0,-1,1
1770-06-01,1770,6,138.8,138.8,-1.0,-1,1
1770-07-01,1770,7,183.0,183.0,-1.0,-1,1
1770-08-01,1770,8,210.5,210.5,-1.0,-1,1
1770-09-01,1770,9,174.0,174.0,-1.0,-1,1
1770-10-01,1770,10,172.7,172.7,-1.0,-1,1
1770-11-01,1770,11,220.3,220.3,-1.0,-1,1
1770-12-01,1770,12,170.5,170.5,-1.0,-1,1
1771-01-01,1771,1,60.0,60.0,-1.0,-1,1
1771-02-01,1771,2,77.0,77.0,-1.0,-1,1
1771-03-01,1771,3,77.8,77.8,-1.0,-1,1
1771-04-01,1771,4,108.2,108.2,-1.0,-1,1
1771-05-01,1771,5,254.5,254.5,-1.0,-1,1
1771-06-01,1771,6,199.2,199.2,-1.0,-1,1
1771-07-01,1771,7,112.8,112.8,-1.0,-1,1
1771-08-01,1771,8,97.5,97.5,-1.0,-1,1
1771-09-01,1771,9,169.0,169.0,-1.0,-1,1
1771-10-01,1771,10,150.0,150.0,-1.0,-1,1
1771-11-01,1771,11,166.2,166.2,-1.0,-1,1
1771-12-01,1771,12,159.5,159.5,-1.0,-1,1
1772-01-01,1772,1,168.2,168.2,-1.0,-1,1
1772-02-01,1772,2,151.3,151.3,-1.0,-1,1
1772-03-01,1772,3,51.8,51.8,-1.0,-1,1
1772-04-01,1772,4,153.7,153.7,-1.0,-1,1
1772-05-01,1772,5,63.3,63.3,-1.0,-1,1
1772-06-01,1772,6,95.0,95.0,-1.0,-1,1
1772-07-01,1772,7,128.8,128.8,-1.0,-1,1
1772-08-01,1772,8,93.7,93.7,-1.0,-1,1
1772-09-01,1772,9,84.2,84.2,-1.0,-1,1
1772-10-01,1772,10,131.0,131.0,-1.0,-1,1
1772-11-01,1772,11,102.2,102.2,-1.0,-1,1
1772-12-01,1772,12,106.7,106.7,-1.0,-1,1
1773-01-01,1773,1,91.0,91.0,-1.0,-1,1
1773-02-01,1773,2,48.3,48.3,-1.0,-1,1
1773-03-01,1773,3,85.3,85.3,-1.0,-1,1
1773-04-01,1773,4,54.8,54.8,-1.0,-1,1
1773-05-01,1773,5,68.5,68.5,-1.0,-1,1
1773-06-01,1773,6,47.3,47.3,-1.0,-1,1
1773-07-01,1773,7,46.2,46.2,-1.0,-1,1
1773-08-01,1773,8,21.2,21.2,-1.0,-1,1
1773-09-01,1773,9,48.8,48.8,-1.0,-1,1
1773-10-01,1773,10,43.8,43.8,-1.0,-1,1
1773-11-01,1773,11,68.2,68.2,-1.0,-1,1
1773-12-01,1773,12,72.0,72.0,-1.0,-1,1
1774-01-01,1774,1,78.0,78.0,-1.0,-1,1
1774-02-01,1774,2,109.0,109.0,-1.0,-1,1
1774-03-01,1774,3,92.8,92.8,-1.0,-1,1
1774-04-01,1774,4,73.0,73.0,-1.0,-1,1
1774-05-01,1774,5,85.5,85.5,-1.0,-1,1
1774-06-01,1774,6,47.5,47.5,-1.0,-1,1
1774-07-01,1774,7,29.2,29.2,-1.0,-1,1
1774-08-01,1774,8,11.0,11.0,-1.0,-1,1
1774-09-01,1774,9,13.2,13.2,-1.0,-1,1
1774-10-01,1774,10,23.3,23.3,-1.0,-1,1
1774-11-01,1774,11,29.5,29.5,-1.0,-1,1
1774-12-01,1774,12,20.3,20.3,-1.0,-1,1
1775-01-01,1775,1,7.3,7.3,-1.0,-1,1
1775-02-01,1775,2,0.0,0.0,-1.0,-1,1
1775-03-01,1775,3,19.3,19.3,-1.0,-1,1
1775-04-01,1775,4,18.7,18.7,-1.0,-1,1
1775-05-01,1775,5,6.5,6.5,-1.0,-1,1
1775-06-01,1775,6,20.5,20.5,-1.0,-1,1
1775-07-01,1775,7,1.7,1.7,-1.0,-1,1
1775-08-01,1775,8,13.2,13.2,-1.0,-1,1
1775-09-01,1775,9,5.3,5.3,-1.0,-1,1
1775-10-01,1775,10,9.3,9.3,-1.0,-1,1
1775-11-01,1775,11,25.2,25.2,-1.0,-1,1
1775-12-01,1775,12,13.2,13.2,-1.0,-1,1
1776-01-01,1776,1,36.2,36.2,-1.0,-1,1
1776-02-01,1776,2,19.3,19.3,-1.0,-1,1
1776-03-01,1776,3,10.5,10.5,-1.0,-1,1
1776-04-01,1776,4,36.3,36.3,-1.0,-1,1
1776-05-01,1776,5,18.7,18.7,-1.0,-1,1
1776-06-01,1776,6,31.7,31.7,-1.0,-1,1
1776-07-01,1776,7,1.7,1.7,-1.0,-1,1
1776-08-01,1776,8,40.3,40.3,-1.0,-1,1
1776-09-01,1776,9,26.7,26.7,-1.0,-1,1
1776-10-01,1776,10,50.0,50.0,-1.0,-1,1
1776-11-01,1776,11,58.3,58.3,-1.0,-1,1
1776-12-01,1776,12,66.7,66.7,-1.0,-1,1
1777-01-01,1777,1,75.0,75.0,-1.0,-1,1
1777-02-01,1777,2,60.8,60.8,-1.0,-1,1
1777-03-01,1777,3,65.0,65.0,-1.0,-1,1
1777-04-01,1777,4,159.2,159.2,-1.0,-1,1
1777-05-01,1777,5,133.8,133.8,-1.0,-1,1
1777-06-01,1777,6,134.5,134.5,-1.0,-1,1
1777-07-01,1777,7,158.3,158.3,-1.0,-1,1
1777-08-01,1777,8,186.7,186.7,-1.0,-1,1
1777-09-01,1777,9,193.7,193.7,-1.0,-1,1
1777-10-01,1777,10,177.5,177.5,-1.0,-1,1
1777-11-01,1777,11,243.3,243.3,-1.0,-1,1
1777-12-01,1777,12,262.2,262.2,-1.0,-1,1
1778-01-01,1778,1,295.5,295.5,-1.0,-1,1
1778-02-01,1778,2,182.2,182.2,-1.0,-1,1
1778-03-01,1778,3,223.3,223.3,-1.0,-1,1
1778-04-01,1778,4,241.7,241.7,-1.0,-1,1
1778-05-01,1778,5,398.2,398.2,-1.0,-1,1
1778-06-01,1778,6,286.0,286.0,-1.0,-1,1
1778-07-01,1778,7,255.0,255.0,-1.0,-1,1
1778-08-01,1778,8,233.3,233.3,-1.0,-1,1
1778-09-01,1778,9,286.2,286.2,-1.0,-1,1
1778-10-01,1778,10,260.5,260.5,-1.0,-1,1
1778-11-01,1778,11,250.5,250.5,-1.0,-1,1
1778-12-01,1778,12,175.0,175.0,-1.0,-1,1
1779-01-01,1779,1,191.2,191.2,-1.0,-1,1
1779-02-01,1779,2,276.2,276.2,-1.0,-1,1
1779-03-01,1779,3,196.7,196.7,-1.0,-1,1
1779-04-01,1779,4,241.7,241.7,-1.0,-1,1
1779-05-01,1779,5,233.3,233.3,-1.0,-1,1
1779-06-01,1779,6,189.5,189.5,-1.0,-1,1
1779-07-01,1779,7,238.3,238.3,-1.0,-1,1
1779-08-01,1779,8,186.7,186.7,-1.0,-1,1
1779-09-01,1779,9,185.0,185.0,-1.0,-1,1
1779-10-01,1779,10,206.7,206.7,-1.0,-1,1
1779-11-01,1779,11,190.0,190.0,-1.0,-1,1
1779-12-01,1779,12,183.3,183.3,-1.0,-1,1
1780-01-01,1780,1,116.7,116.7,-1.0,-1,1
1780-02-01,1780,2,163.3,163.3,-1.0,-1,1
1780-03-01,1780,3,163.3,163.3,-1.0,-1,1
1780-04-01,1780,4,158.3,158.3,-1.0,-1,1
1780-05-01,1780,5,178.7,178.7,-1.0,-1,1
1780-06-01,1780,6,146.7,146.7,-1.0,-1,1
1780-07-01,1780,7,143.3,143.3,-1.0,-1,1
1780-08-01,1780,8,143.3,143.3,-1.0,-1,1
1780-09-01,1780,9,156.2,156.2,-1.0,-1,1
1780-10-01,1780,10,128.3,128.3,-1.0,-1,1
1780-11-01,1780,11,100.0,100.0,-1.0,-1,1
1780-12-01,1780,12,97.8,97.8,-1.0,-1,1
1781-01-01,1781,1,164.5,164.5,-1.0,-1,1
1781-02-01,1781,2,124.5,124.5,-1.0,-1,1
1781-03-01,1781,3,88.3,88.3,-1.0,-1,1
1781-04-01,1781,4,113.8,113.8,-1.0,-1,1
1781-05-01,1781,5,174.5,174.5,-1.0,-1,1
1781-06-01,1781,6,162.8,162.8,-1.0,-1,1
1781-07-01,1781,7,122.5,122.5,-1.0,-1,1
1781-08-01,1781,8,110.0,110.0,-1.0,-1,1
1781-09-01,1781,9,85.0,85.0,-1.0,-1,1
1781-10-01,1781,10,45.5,45.5,-1.0,-1,1
1781-11-01,1781,11,111.7,111.7,-1.0,-1,1
1781-12-01,1781,12,58.7,58.7,-1.0,-1,1
1782-01-01,1782,1,90.0,90.0,-1.0,-1,1
1782-02-01,1782,2,62.5,62.5,-1.0,-1,1
1782-03-01,1782,3,61.7,61.7,-1.0,-1,1
1782-04-01,1782,4,68.3,68.3,-1.0,-1,1
1782-05-01,1782,5,90.5,90.5,-1.0,-1,1
1782-06-01,1782,6,63.3,63.3,-1.0,-1,1
1782-07-01,1782,7,61.7,61.7,-1.0,-1,1
1782-08-01,1782,8,73.3,73.3,-1.0,-1,1
1782-09-01,1782,9,56.7,56.7,-1.0,-1,1
1782-10-01,1782,10,38.7,38.7,-1.0,-1,1
1782-11-01,1782,11,52.5,52.5,-1.0,-1,1
1782-12-01,1782,12,50.0,50.0,-1.0,-1,1
1783-01-01,1783,1,46.7,46.7,-1.0,-1,1
1783-02-01,1783,2,64.5,64.5,-1.0,-1,1
1783-03-01,1783,3,44.5,44.5,-1.0,-1,1
1783-04-01,1783,4,47.2,47.2,-1.0,-1,1
1783-05-01,1783,5,38.3,38.3,-1.0,-1,1
1783-06-01,1783,6,42.0,42.0,-1.0,-1,1
1783-07-01,1783,7,53.7,53.7,-1.0,-1,1
1783-08-01,1783,8,33.3,33.3,-1.0,-1,1
1783-09-01,1783,9,30.0,30.0,-1.0,-1,1
1783-10-01,1783,10,13.3,13.3,-1.0,-1,1
1783-11-01,1783,11,25.0,25.0,-1.0,-1,1
1783-12-01,1783,12,17.5,17.5,-1.0,-1,1
1784-01-01,1784,1,21.7,21.7,-1.0,-1,1
1784-02-01,1784,2,13.3,13.3,-1.0,-1,1
1784-03-01,1784,3,18.3,18.3,-1.0,-1,1
1784-04-01,1784,4,16.7,16.7,-1.0,-1,1
1784-05-01,1784,5,10.0,10.0,-1.0,-1,1
1784-06-01,1784,6,15.0,15.0,-1.0,-1,1
1784-07-01,1784,7,10.0,10.0,-1.0,-1,1
1784-08-01,1784,8,16.7,16.7,-1.0,-1,1
1784-09-01,1784,9,16.7,16.7,-1.0,-1,1
1784-10-01,1784,10,13.3,13.3,-1.0,-1,1
1784-11-01,1784,11,28.3,28.3,-1.0,-1,1
1784-12-01,1784,12,23.3,23.3,-1.0,-1,1
1785-01-01,1785,1,10.8,10.8,-1.0,-1,1
1785-02-01,1785,2,13.3,13.3,-1.0,-1,1
1785-03-01,1785,3,15.0,15.0,-1.0,-1,1
1785-04-01,1785,4,26.2,26.2,-1.0,-1,1
1785-05-01,1785,5,34.5,34.5,-1.0,-1,1
1785-06-01,1785,6,43.8,43.8,-1.0,-1,1
1785-07-01,1785,7,60.5,60.5,-1.0,-1,1
1785-08-01,1785,8,33.3,33.3,-1.0,-1,1
1785-09-01,1785,9,53.3,53.3,-1.0,-1,1
1785-10-01,1785,10,78.7,78.7,-1.0,-1,1
1785-11-01,1785,11,67.0,67.0,-1.0,-1,1
1785-12-01,1785,12,45.5,45.5,-1.0,-1,1
1786-01-01,1786,1,62.0,62.0,-1.0,-1,1
1786-02-01,1786,2,79.3,79.3,-1.0,-1,1
1786-03-01,1786,3,79.5,79.5,-1.0,-1,1
1786-04-01,1786,4,142.3,142.3,-1.0,-1,1
1786-05-01,1786,5,153.8,153.8,-1.0,-1,1
1786-06-01,1786,6,98.3,98.3,-1.0,-1,1
1786-07-01,1786,7,138.3,138.3,-1.0,-1,1
1786-08-01,1786,8,149.5,149.5,-1.0,-1,1
1786-09-01,1786,9,185.8,185.8,-1.0,-1,1
1786-10-01,1786,10,187.2,187.2,-1.0,-1,1
1786-11-01,1786,11,193.3,193.3,-1.0,-1,1
1786-12-01,1786,12,187.8,187.8,-1.0,-1,1
1787-01-01,1787,1,224.5,224.5,-1.0,-1,1
1787-02-01,1787,2,176.7,176.7,-1.0,-1,1
1787-03-01,1787,3,145.7,145.7,-1.0,-1,1
1787-04-01,1787,4,212.0,212.0,-1.0,-1,1
1787-05-01,1787,5,224.7,224.7,-1.0,-1,1
1787-06-01,1787,6,165.3,165.3,-1.0,-1,1
1787-07-01,1787,7,213.3,213.3,-1.0,-1,1
1787-08-01,1787,8,228.7,228.7,-1.0,-1,1
1787-09-01,1787,9,262.2,262.2,-1.0,-1,1
1787-10-01,1787,10,261.7,261.7,-1.0,-1,1
1787-11-01,1787,11,235.8,235.8,-1.0,-1,1
1787-12-01,1787,12,290.0,290.0,-1.0,-1,1
1788-01-01,1788,1,230.0,230.0,-1.0,-1,1
1788-02-01,1788,2,215.3,215.3,-1.0,-1,1
1788-03-01,1788,3,238.8,238.8,-1.0,-1,1
1788-04-01,1788,4,180.8,180.8,-1.0,-1,1
1788-05-01,1788,5,188.3,188.3,-1.0,-1,1
1788-06-01,1788,6,257.0,257.0,-1.0,-1,1
1788-07-01,1788,7,235.8,235.8,-1.0,-1,1
1788-08-01,1788,8,226.7,226.7,-1.0,-1,1
1788-09-01,1788,9,235.0,235.0,-1.0,-1,1
1788-10-01,1788,10,236.7,236.7,-1.0,-1,1
1788-11-01,1788,11,157.8,157.8,-1.0,-1,1
1788-12-01,1788,12,215.8,215.8,-1.0,-1,1
1789-01-01,1789,1,190.0,190.0,-1.0,-1,1
1789-02-01,1789,2,208.8,208.8,-1.0,-1,1
1789-03-01,1789,3,200.0,200.0,-1.0,-1,1
1789-04-01,1789,4,205.5,205.5,-1.0,-1,1
1789-05-01,1789,5,205.8,205.8,-1.0,-1,1
1789-06-01,1789,6,200.0,200.0,-1.0,-1,1
1789-07-01,1789,7,195.0,195.0,-1.0,-1,1
1789-08-01,1789,8,171.7,171.7,-1.0,-1,1
1789-09-01,1789,9,186.7,186.7,-1.0,-1,1
1789-10-01,1789,10,149.5,149.5,-1.0,-1,1
1789-11-01,1789,11,223.3,223.3,-1.0,-1,1
1789-12-01,1789,12,225.8,225.8,-1.0,-1,1
1790-01-01,1790,1,171.7,171.7,-1.0,-1,1
1790-02-01,1790,2,212.5,212.5,-1.0,-1,1
1790-03-01,1790,3,160.5,160.5,-1.0,-1,1
1790-04-01,1790,4,156.7,156.7,-1.0,-1,1
1790-05-01,1790,5,155.0,155.0,-1.0,-1,1
1790-06-01,1790,6,151.7,151.7,-1.0,-1,1
1790-07-01,1790,7,115.5,115.5,-1.0,-1,1
1790-08-01,1790,8,145.0,145.0,-1.0,-1,1
1790-09-01,1790,9,128.8,128.8,-1.0,-1,1
1790-10-01,1790,10,140.5,140.5,-1.0,-1,1
1790-11-01,1790,11,136.7,136.7,-1.0,-1,1
1790-12-01,1790,12,123.3,123.3,-1.0,-1,1
1791-01-01,1791,1,121.2,121.2,-1.0,-1,1
1791-02-01,1791,2,103.3,103.3,-1.0,-1,1
1791-03-01,1791,3,123.3,123.3,-1.0,-1,1
1791-04-01,1791,4,128.7,128.7,-1.0,-1,1
1791-05-01,1791,5,122.8,122.8,-1.0,-1,1
1791-06-01,1791,6,107.0,107.0,-1.0,-1,1
1791-07-01,1791,7,118.3,118.3,-1.0,-1,1
1791-08-01,1791,8,71.7,71.7,-1.0,-1,1
1791-09-01,1791,9,110.8,110.8,-1.0,-1,1
1791-10-01,1791,10,102.8,102.8,-1.0,-1,1
1791-11-01,1791,11,111.7,111.7,-1.0,-1,1
1791-12-01,1791,12,110.0,110.0,-1.0,-1,1
1792-01-01,1792,1,96.7,96.7,-1.0,-1,1
1792-02-01,1792,2,106.7,106.7,-1.0,-1,1
1792-03-01,1792,3,105.0,105.0,-1.0,-1,1
1792-04-01,1792,4,126.2,126.2,-1.0,-1,1
1792-05-01,1792,5,103.3,103.3,-1.0,-1,1
1792-06-01,1792,6,101.7,101.7,-1.0,-1,1
1792-07-01,1792,7,76.3,76.3,-1.0,-1,1
1792-08-01,1792,8,100.0,100.0,-1.0,-1,1
1792-09-01,1792,9,98.3,98.3,-1.0,-1,1
1792-10-01,1792,10,98.3,98.3,-1.0,-1,1
1792-11-01,1792,11,95.0,95.0,-1.0,-1,1
1792-12-01,1792,12,93.3,93.3,-1.0,-1,1
1793-01-01,1793,1,93.3,93.3,-1.0,-1,1
1793-02-01,1793,2,91.7,91.7,-1.0,-1,1
1793-03-01,1793,3,92.5,92.5,-1.0,-1,1
1793-04-01,1793,4,88.3,88.3,-1.0,-1,1
1793-05-01,1793,5,87.2,87.2,-1.0,-1,1
1793-06-01,1793,6,85.0,85.0,-1.0,-1,1
1793-07-01,1793,7,83.3,83.3,-1.0,-1,1
1793-08-01,1793,8,48.8,48.8,-1.0,-1,1
1793-09-01,1793,9,40.0,40.0,-1.0,-1,1
1793-10-01,1793,10,78.3,78.3,-1.0,-1,1
1793-11-01,1793,11,73.3,73.3,-1.0,-1,1
1793-12-01,1793,12,76.2,76.2,-1.0,-1,1
1794-01-01,1794,1,75.0,75.0,-1.0,-1,1
1794-02-01,1794,2,73.3,73.3,-1.0,-1,1
1794-03-01,1794,3,63.3,63.3,-1.0,-1,1
1794-04-01,1794,4,47.3,47.3,-1.0,-1,1
1794-05-01,1794,5,92.8,92.8,-1.0,-1,1
1794-06-01,1794,6,69.2,69.2,-1.0,-1,1
1794-07-01,1794,7,68.3,68.3,-1.0,-1,1
1794-08-01,1794,8,66.7,66.7,-1.0,-1,1
1794-09-01,1794,9,18.5,18.5,-1.0,-1,1
1794-10-01,1794,10,47.5,47.5,-1.0,-1,1
1794-11-01,1794,11,112.3,112.3,-1.0,-1,1
1794-12-01,1794,12,85.7,85.7,-1.0,-1,1
1795-01-01,1795,1,35.7,35.7,-1.0,-1,1
1795-02-01,1795,2,66.5,66.5,-1.0,-1,1
1795-03-01,1795,3,21.0,21.0,-1.0,-1,1
1795-04-01,1795,4,31.0,31.0,-1.0,-1,1
1795-05-01,1795,5,51.7,51.7,-1.0,-1,1
1795-06-01,1795,6,28.5,28.5,-1.0,-1,1
1795-07-01,1795,7,21.5,21.5,-1.0,-1,1
1795-08-01,1795,8,42.8,42.8,-1.0,-1,1
1795-09-01,1795,9,22.5,22.5,-1.0,-1,1
1795-10-01,1795,10,32.5,32.5,-1.0,-1,1
1795-11-01,1795,11,41.7,41.7,-1.0,-1,1
1795-12-01,1795,12,30.0,30.0,-1.0,-1,1
1796-01-01,1796,1,36.7,36.7,-1.0,-1,1
1796-02-01,1796,2,39.7,39.7,-1.0,-1,1
1796-03-01,1796,3,26.2,26.2,-1.0,-1,1
1796-04-01,1796,4,52.8,52.8,-1.0,-1,1
1796-05-01,1796,5,35.0,35.0,-1.0,-1,1
1796-06-01,1796,6,11.2,11.2,-1.0,-1,1
1796-07-01,1796,7,44.8,44.8,-1.0,-1,1
1796-08-01,1796,8,2.5,2.5,-1.0,-1,1
1796-09-01,1796,9,30.7,30.7,-1.0,-1,1
1796-10-01,1796,10,18.3,18.3,-1.0,-1,1
1796-11-01,1796,11,14.0,14.0,-1.0,-1,1
1796-12-01,1796,12,8.5,8.5,-1.0,-1,1
1797-01-01,1797,1,24.0,24.0,-1.0,-1,1
1797-02-01,1797,2,7.0,7.0,-1.0,-1,1
1797-03-01,1797,3,6.7,6.7,-1.0,-1,1
1797-04-01,1797,4,6.7,6.7,-1.0,-1,1
1797-05-01,1797,5,12.2,12.2,-1.0,-1,1
1797-06-01,1797,6,18.5,18.5,-1.0,-1,1
1797-07-01,1797,7,7.2,7.2,-1.0,-1,1
1797-08-01,1797,8,10.0,10.0,-1.0,-1,1
1797-09-01,1797,9,9.5,9.5,-1.0,-1,1
1797-10-01,1797,10,11.5,11.5,-1.0,-1,1
1797-11-01,1797,11,9.7,9.7,-1.0,-1,1
1797-12-01,1797,12,5.0,5.0,-1.0,-1,1
1798-01-01,1798,1,3.3,3.3,-1.0,-1,1
1798-02-01,1798,2,6.7,6.7,-1.0,-1,1
1798-03-01,1798,3,20.7,20.7,-1.0,-1,1
1798-04-01,1798,4,1.8,1.8,-1.0,-1,1
1798-05-01,1798,5,0.0,0.0,-1.0,-1,1
1798-06-01,1798,6,0.0,0.0,-1.0,-1,1
1798-07-01,1798,7,0.0,0.0,-1.0,-1,1
1798-08-01,1798,8,5.0,5.0,-1.0,-1,1
1798-09-01,1798,9,4.0,4.0,-1.0,-1,1
1798-10-01,1798,10,2.5,2.5,-1.0,-1,1
1798-11-01,1798,11,20.8,20.8,-1.0,-1,1
1798-12-01,1798,12,16.5,16.5,-1.0,-1,1
1799-01-01,1799,1,2.7,2.7,-1.0,-1,1
1799-02-01,1799,2,21.0,21.0,-1.0,-1,1
1799-03-01,1799,3,36.2,36.2,-1.0,-1,1
1799-04-01,1799,4,14.0,14.0,-1.0,-1,1
1799-05-01,1799,5,13.7,13.7,-1.0,-1,1
1799-06-01,1799,6,17.7,17.7,-1.0,-1,1
1799-07-01,1799,7,3.5,3.5,-1.0,-1,1
1799-08-01,1799,8,0.0,0.0,-1.0,-1,1
1799-09-01,1799,9,0.0,0.0,-1.0,-1,1
1799-10-01,1799,10,7.7,7.7,-1.0,-1,1
1799-11-01,1799,11,4.5,4.5,-1.0,-1,1
1799-12-01,1799,12,14.3,14.3,-1.0,-1,1
1800-01-01,1800,1,11.5,11.5,-1.0,-1,1
1800-02-01,1800,2,15.5,15.5,-1.0,-1,1
1800-03-01,1800,3,23.2,23.2,-1.0,-1,1
1800-04-01,1800,4,0.0,0.0,-1.0,-1,1
1800-05-01,1800,5,8.3,8.3,-1.0,-1,1
1800-06-01,1800,6,39.5,39.5,-1.0,-1,1
1800-07-01,1800,7,35.0,35.0,-1.0,-1,1
1800-08-01,1800,8,32.5,32.5,-1.0,-1,1
1800-09-01,1800,9,19.2,19.2,-1.0,-1,1
1800-10-01,1800,10,20.5,20.5,-1.0,-1,1
1800-11-01,1800,11,17.5,17.5,-1.0,-1,1
1800-12-01,1800,12,66.8,66.8,-1.0,-1,1
1801-01-01,1801,1,45.0,45.0,-1.0,-1,1
1801-02-01,1801,2,48.3,48.3,-1.0,-1,1
1801-03-01,1801,3,50.0,50.0,-1.0,-1,1
1801-04-01,1801,4,51.7,51.7,-1.0,-1,1
1801-05-01,1801,5,53.3,53.3,-1.0,-1,1
1801-06-01,1801,6,52.0,52.0,-1.0,-1,1
1801-07-01,1801,7,58.3,58.3,-1.0,-1,1
1801-08-01,1801,8,64.5,64.5,-1.0,-1,1
1801-09-01,1801,9,55.8,55.8,-1.0,-1,1
1801-10-01,1801,10,54.3,54.3,-1.0,-1,1
1801-11-01,1801,11,66.3,66.3,-1.0,-1,1
1801-12-01,1801,12,80.3,80.3,-1.0,-1,1
1802-01-01,1802,1,79.7,79.7,-1.0,-1,1
1802-02-01,1802,2,78.3,78.3,-1.0,-1,1
1802-03-01,1802,3,68.0,68.0,-1.0,-1,1
1802-04-01,1802,4,70.0,70.0,-1.0,-1,1
1802-05-01,1802,5,73.3,73.3,-1.0,-1,1
1802-06-01,1802,6,76.7,76.7,-1.0,-1,1
1802-07-01,1802,7,80.0,80.0,-1.0,-1,1
1802-08-01,1802,8,83.3,83.3,-1.0,-1,1
1802-09-01,1802,9,86.3,86.3,-1.0,-1,1
1802-10-01,1802,10,64.2,64.2,-1.0,-1,1
1802-11-01,1802,11,57.5,57.5,-1.0,-1,1
1802-12-01,1802,12,83.3,83.3,-1.0,-1,1
1803-01-01,1803,1,83.3,83.3,-1.0,-1,1
1803-02-01,1803,2,84.7,84.7,-1.0,-1,1
1803-03-01,1803,3,49.2,49.2,-1.0,-1,1
1803-04-01,1803,4,41.7,41.7,-1.0,-1,1
1803-05-01,1803,5,73.8,73.8,-1.0,-1,1
1803-06-01,1803,6,60.0,60.0,-1.0,-1,1
1803-07-01,1803,7,80.5,80.5,-1.0,-1,1
1803-08-01,1803,8,56.8,56.8,-1.0,-1,1
1803-09-01,1803,9,75.5,75.5,-1.0,-1,1
1803-10-01,1803,10,90.5,90.5,-1.0,-1,1
1803-11-01,1803,11,85.0,85.0,-1.0,-1,1
1803-12-01,1803,12,80.0,80.0,-1.0,-1,1
1804-01-01,1804,1,75.5,75.5,-1.0,-1,1
1804-02-01,1804,2,80.5,80.5,-1.0,-1,1
1804-03-01,1804,3,80.0,80.0,-1.0,-1,1
1804-04-01,1804,4,84.3,84.3,-1.0,-1,1
1804-05-01,1804,5,55.7,55.7,-1.0,-1,1
1804-06-01,1804,6,58.0,58.0,-1.0,-1,1
1804-07-01,1804,7,49.7,49.7,-1.0,-1,1
1804-08-01,1804,8,71.8,71.8,-1.0,-1,1
1804-09-01,1804,9,88.3,88.3,-1.0,-1,1
1804-10-01,1804,10,103.8,103.8,-1.0,-1,1
1804-11-01,1804,11,101.7,101.7,-1.0,-1,1
1804-12-01,1804,12,100.0,100.0,-1.0,-1,1
1805-01-01,1805,1,101.7,101.7,-1.0,-1,1
1805-02-01,1805,2,73.5,73.5,-1.0,-1,1
1805-03-01,1805,3,85.7,85.7,-1.0,-1,1
1805-04-01,1805,4,62.5,62.5,-1.0,-1,1
1805-05-01,1805,5,65.0,65.0,-1.0,-1,1
1805-06-01,1805,6,67.5,67.5,-1.0,-1,1
1805-07-01,1805,7,62.7,62.7,-1.0,-1,1
1805-08-01,1805,8,71.2,71.2,-1.0,-1,1
1805-09-01,1805,9,74.0,74.0,-1.0,-1,1
1805-10-01,1805,10,49.0,49.0,-1.0,-1,1
1805-11-01,1805,11,68.3,68.3,-1.0,-1,1
1805-12-01,1805,12,63.8,63.8,-1.0,-1,1
1806-01-01,1806,1,65.0,65.0,-1.0,-1,1
1806-02-01,1806,2,49.3,49.3,-1.0,-1,1
1806-03-01,1806,3,54.5,54.5,-1.0,-1,1
1806-04-01,1806,4,46.2,46.2,-1.0,-1,1
1806-05-01,1806,5,44.0,44.0,-1.0,-1,1
1806-06-01,1806,6,42.7,42.7,-1.0,-1,1
1806-07-01,1806,7,50.0,50.0,-1.0,-1,1
1806-08-01,1806,8,43.8,43.8,-1.0,-1,1
1806-09-01,1806,9,40.0,40.0,-1.0,-1,1
1806-10-01,1806,10,45.0,45.0,-1.0,-1,1
1806-11-01,1806,11,41.7,41.7,-1.0,-1,1
1806-12-01,1806,12,40.0,40.0,-1.0,-1,1
1807-01-01,1807,1,20.0,20.0,-1.0,-1,1
1807-02-01,1807,2,20.3,20.3,-1.0,-1,1
1807-03-01,1807,3,16.0,16.0,-1.0,-1,1
1807-04-01,1807,4,39.7,39.7,-1.0,-1,1
1807-05-01,1807,5,16.7,16.7,-1.0,-1,1
1807-06-01,1807,6,20.0,20.0,-1.0,-1,1
1807-07-01,1807,7,21.2,21.2,-1.0,-1,1
1807-08-01,1807,8,20.0,20.0,-1.0,-1,1
1807-09-01,1807,9,9.5,9.5,-1.0,-1,1
1807-10-01,1807,10,13.3,13.3,-1.0,-1,1
1807-11-01,1807,11,4.3,4.3,-1.0,-1,1
1807-12-01,1807,12,0.0,0.0,-1.0,-1,1
1808-01-01,1808,1,0.0,0.0,-1.0,-1,1
1808-02-01,1808,2,7.5,7.5,-1.0,-1,1
1808-03-01,1808,3,0.0,0.0,-1.0,-1,1
1808-04-01,1808,4,20.5,20.5,-1.0,-1,1
1808-05-01,1808,5,22.5,22.5,-1.0,-1,1
1808-06-01,1808,6,22.5,22.5,-1.0,-1,1
1808-07-01,1808,7,11.2,11.2,-1.0,-1,1
1808-08-01,1808,8,13.3,13.3,-1.0,-1,1
1808-09-01,1808,9,19.5,19.5,-1.0,-1,1
1808-10-01,1808,10,7.8,7.8,-1.0,-1,1
1808-11-01,1808,11,17.5,17.5,-1.0,-1,1
1808-12-01,1808,12,20.5,20.5,-1.0,-1,1
1809-01-01,1809,1,12.0,12.0,-1.0,-1,1
1809-02-01,1809,2,15.3,15.3,-1.0,-1,1
1809-03-01,1809,3,1.5,1.5,-1.0,-1,1
1809-04-01,1809,4,4.2,4.2,-1.0,-1,1
1809-05-01,1809,5,3.3,3.3,-1.0,-1,1
1809-06-01,1809,6,12.8,12.8,-1.0,-1,1
1809-07-01,1809,7,0.5,0.5,-1.0,-1,1
1809-08-01,1809,8,0.3,0.3,-1.0,-1,1
1809-09-01,1809,9,0.7,0.7,-1.0,-1,1
1809-10-01,1809,10,0.0,0.0,-1.0,-1,1
1809-11-01,1809,11,0.0,0.0,-1.0,-1,1
1809-12-01,1809,12,0.0,0.0,-1.0,-1,1
1810-01-01,1810,1,0.0,0.0,-1.0,-1,1
1810-02-01,1810,2,0.0,0.0,-1.0,-1,1
1810-03-01,1810,3,0.0,0.0,-1.0,-1,1
1810-04-01,1810,4,0.0,0.0,-1.0,-1,1
1810-05-01,1810,5,0.0,0.0,-1.0,-1,1
1810-06-01,1810,6,0.0,0.0,-1.0,-1,1
1810-07-01,1810,7,0.0,0.0,-1.0,-1,1
1810-08-01,1810,8,0.0,0.0,-1.0,-1,1
1810-09-01,1810,9,0.0,0.0,-1.0,-1,1
1810-10-01,1810,10,0.0,0.0,-1.0,-1,1
1810-11-01,1810,11,0.0,0.0,-1.0,-1,1
1810-12-01,1810,12,0.0,0.0,-1.0,-1,1
1811-01-01,1811,1,0.0,0.0,-1.0,-1,1
1811-02-01,1811,2,0.0,0.0,-1.0,-1,1
1811-03-01,1811,3,0.0,0.0,-1.0,-1,1
1811-04-01,1811,4,0.0,0.0,-1.0,-1,1
1811-05-01,1811,5,0.0,0.0,-1.0,-1,1
1811-06-01,1811,6,0.0,0.0,-1.0,-1,1
1811-07-01,1811,7,11.0,11.0,-1.0,-1,1
1811-08-01,1811,8,0.0,0.0,-1.0,-1,1
1811-09-01,1811,9,4.0,4.0,-1.0,-1,1
1811-10-01,1811,10,10.2,10.2,-1.0,-1,1
1811-11-01,1811,11,1.3,1.3,-1.0,-1,1
1811-12-01,1811,12,1.8,1.8,-1.0,-1,1
1812-01-01,1812,1,18.8,18.8,-1.0,-1,1
1812-02-01,1812,2,3.2,3.2,-1.0,-1,1
1812-03-01,1812,3,1.2,1.2,-1.0,-1,1
1812-04-01,1812,4,0.0,0.0,-1.0,-1,1
1812-05-01,1812,5,1.7,1.7,-1.0,-1,1
1812-06-01,1812,6,2.2,2.2,-1.0,-1,1
1812-07-01,1812,7,0.8,0.8,-1.0,-1,1
1812-08-01,1812,8,26.0,26.0,-1.0,-1,1
1812-09-01,1812,9,8.7,8.7,-1.0,-1,1
1812-10-01,1812,10,6.5,6.5,-1.0,-1,1
1812-11-01,1812,11,13.2,13.2,-1.0,-1,1
1812-12-01,1812,12,16.8,16.8,-1.0,-1,1
1813-01-01,1813,1,0.0,0.0,-1.0,-1,1
1813-02-01,1813,2,17.2,17.2,-1.0,-1,1
1813-03-01,1813,3,3.2,3.2,-1.0,-1,1
1813-04-01,1813,4,27.7,27.7,-1.0,-1,1
1813-05-01,1813,5,9.2,9.2,-1.0,-1,1
1813-06-01,1813,6,18.7,18.7,-1.0,-1,1
1813-07-01,1813,7,30.5,30.5,-1.0,-1,1
1813-08-01,1813,8,14.0,14.0,-1.0,-1,1
1813-09-01,1813,9,25.5,25.5,-1.0,-1,1
1813-10-01,1813,10,46.3,46.3,-1.0,-1,1
1813-11-01,1813,11,27.8,27.8,-1.0,-1,1
1813-12-01,1813,12,23.8,23.8,-1.0,-1,1
1814-01-01,1814,1,37.0,37.0,-1.0,-1,1
1814-02-01,1814,2,20.0,20.0,-1.0,-1,1
1814-03-01,1814,3,9.5,9.5,-1.0,-1,1
1814-04-01,1814,4,39.7,39.7,-1.0,-1,1
1814-05-01,1814,5,9.7,9.7,-1.0,-1,1
1814-06-01,1814,6,24.8,24.8,-1.0,-1,1
1814-07-01,1814,7,30.8,30.8,-1.0,-1,1
1814-08-01,1814,8,3.8,3.8,-1.0,-1,1
1814-09-01,1814,9,13.5,13.5,-1.0,-1,1
1814-10-01,1814,10,32.2,32.2,-1.0,-1,1
1814-11-01,1814,11,24.2,24.2,-1.0,-1,1
1814-12-01,1814,12,33.5,33.5,-1.0,-1,1
1815-01-01,1815,1,32.0,32.0,-1.0,-1,1
1815-02-01,1815,2,53.7,53.7,-1.0,-1,1
1815-03-01,1815,3,43.7,43.7,-1.0,-1,1
1815-04-01,1815,4,52.7,52.7,-1.0,-1,1
1815-05-01,1815,5,16.3,16.3,-1.0,-1,1
1815-06-01,1815,6,93.2,93.2,-1.0,-1,1
1815-07-01,1815,7,59.2,59.2,-1.0,-1,1
1815-08-01,1815,8,78.7,78.7,-1.0,-1,1
1815-09-01,1815,9,52.5,52.5,-1.0,-1,1
1815-10-01,1815,10,55.8,55.8,-1.0,-1,1
1815-11-01,1815,11,62.0,62.0,-1.0,-1,1
1815-12-01,1815,12,108.3,108.3,-1.0,-1,1
1816-01-01,1816,1,43.8,43.8,-1.0,-1,1
1816-02-01,1816,2,114.7,114.7,-1.0,-1,1
1816-03-01,1816,3,122.8,122.8,-1.0,-1,1
1816-04-01,1816,4,98.0,98.0,-1.0,-1,1
1816-05-01,1816,5,73.8,73.8,-1.0,-1,1
1816-06-01,1816,6,72.7,72.7,-1.0,-1,1
1816-07-01,1816,7,64.7,64.7,-1.0,-1,1
1816-08-01,1816,8,38.7,38.7,-1.0,-1,1
1816-09-01,1816,9,79.7,79.7,-1.0,-1,1
1816-10-01,1816,10,94.0,94.0,-1.0,-1,1
1816-11-01,1816,11,63.5,63.5,-1.0,-1,1
1816-12-01,1816,12,49.8,49.8,-1.0,-1,1
1817-01-01,1817,1,60.7,60.7,-1.0,-1,1
1817-02-01,1817,2,96.5,96.5,-1.0,-1,1
1817-03-01,1817,3,160.3,160.3,-1.0,-1,1
1817-04-01,1817,4,44.0,44.0,-1.0,-1,1
1817-05-01,1817,5,35.3,35.3,-1.0,-1,1
1817-06-01,1817,6,66.7,66.7,-1.0,-1,1
1817-07-01,1817,7,83.3,83.3,-1.0,-1,1
1817-08-01,1817,8,75.0,75.0,-1.0,-1,1
1817-09-01,1817,9,61.2,61.2,-1.0,-1,1
1817-10-01,1817,10,42.7,42.7,-1.0,-1,1
1817-11-01,1817,11,48.2,48.2,-1.0,-1,1
1817-12-01,1817,12,47.3,47.3,-1.0,-1,1
1818-01-01,1818,1,58.1,58.1,9.7,8,1
1818-02-01,1818,2,37.4,37.4,7.8,14,1
1818-03-01,1818,3,42.4,42.4,8.3,14,1
1818-04-01,1818,4,57.5,57.5,9.6,21,1
1818-05-01,1818,5,88.5,88.5,11.9,25,1
1818-06-01,1818,6,60.8,60.8,9.9,25,1
1818-07-01,1818,7,46.8,46.8,8.7,21,1
1818-08-01,1818,8,52.6,52.6,9.2,20,1
1818-09-01,1818,9,43.4,43.4,8.3,18,1
1818-10-01,1818,10,52.8,52.8,9.2,22,1
1818-11-01,1818,11,18.3,18.3,5.5,12,1
1818-12-01,1818,12,43.0,43.0,8.4,13,1
1819-01-01,1819,1,54.7,54.7,9.4,12,1
1819-02-01,1819,2,34.6,34.6,7.5,10,1
1819-03-01,1819,3,6.3,6.3,3.6,23,1
1819-04-01,1819,4,33.7,33.7,7.4,23,1
1819-05-01,1819,5,32.6,32.6,7.3,31,1
1819-06-01,1819,6,58.3,58.3,9.7,23,1
1819-07-01,1819,7,52.5,52.5,9.2,15,1
1819-08-01,1819,8,43.5,43.5,8.4,24,1
1819-09-01,1819,9,24.8,24.8,6.4,27,1
1819-10-01,1819,10,45.9,45.9,8.6,22,1
1819-11-01,1819,11,41.8,41.8,8.3,19,1
1819-12-01,1819,12,50.9,50.9,9.1,20,1
1820-01-01,1820,1,32.0,32.0,7.3,19,1
1820-02-01,1820,2,44.4,44.4,8.4,14,1
1820-03-01,1820,3,7.5,7.5,3.9,23,1
1820-04-01,1820,4,32.3,32.3,7.3,19,1
1820-05-01,1820,5,48.9,48.9,8.8,20,1
1820-06-01,1820,6,17.9,17.9,5.6,25,1
1820-07-01,1820,7,34.1,34.1,7.4,7,1
1820-08-01,1820,8,43.1,43.1,8.3,17,1
1820-09-01,1820,9,8.6,8.6,4.0,25,1
1820-10-01,1820,10,14.9,14.9,5.2,26,1
1820-11-01,1820,11,13.2,13.2,4.8,13,1
1820-12-01,1820,12,15.1,15.1,5.2,16,1
1821-01-01,1821,1,36.0,36.0,7.6,8,1
1821-02-01,1821,2,7.0,7.0,3.8,24,1
1821-03-01,1821,3,9.5,9.5,4.2,29,1
1821-04-01,1821,4,15.2,15.2,5.2,18,1
1821-05-01,1821,5,2.8,2.8,2.8,31,1
1821-06-01,1821,6,3.0,3.0,2.9,29,1
1821-07-01,1821,7,4.3,4.3,3.2,24,1
1821-08-01,1821,8,8.0,8.0,3.9,26,1
1821-09-01,1821,9,7.3,7.3,3.9,29,1
1821-10-01,1821,10,31.4,31.4,7.2,28,1
1821-11-01,1821,11,7.3,7.3,3.9,27,1
1821-12-01,1821,12,0.4,0.4,2.1,31,1
1822-01-01,1822,1,0.0,0.0,2.0,31,1
1822-02-01,1822,2,1.5,1.5,2.5,28,1
1822-03-01,1822,3,26.9,26.9,6.6,28,1
1822-04-01,1822,4,21.7,21.7,6.0,26,1
1822-05-01,1822,5,2.4,2.4,2.8,30,1
1822-06-01,1822,6,9.3,9.3,4.2,29,1
1822-07-01,1822,7,13.2,13.2,4.9,29,1
1822-08-01,1822,8,3.4,3.4,3.0,31,1
1822-09-01,1822,9,0.0,0.0,2.0,30,1
1822-10-01,1822,10,0.6,0.6,2.2,31,1
1822-11-01,1822,11,0.0,0.0,2.0,30,1
1822-12-01,1822,12,0.0,0.0,2.0,30,1
1823-01-01,1823,1,0.0,0.0,2.0,31,1
1823-02-01,1823,2,0.0,0.0,2.0,28,1
1823-03-01,1823,3,1.0,1.0,2.3,29,1
1823-04-01,1823,4,0.0,0.0,2.0,30,1
1823-05-01,1823,5,0.0,0.0,2.0,25,1
1823-06-01,1823,6,0.0,0.0,2.0,23,1
1823-07-01,1823,7,0.8,0.8,2.2,24,1
1823-08-01,1823,8,0.0,0.0,2.0,27,1
1823-09-01,1823,9,0.0,0.0,2.0,27,1
1823-10-01,1823,10,0.0,0.0,2.0,20,1
1823-11-01,1823,11,0.0,0.0,2.0,20,1
1823-12-01,1823,12,34.0,34.0,7.4,18,1
1824-01-01,1824,1,36.0,36.0,7.6,3,1
1824-02-01,1824,2,18.0,18.0,4.8,0,1
1824-03-01,1824,3,0.0,0.0,2.0,21,1
1824-04-01,1824,4,32.3,32.3,7.2,8,1
1824-05-01,1824,5,4.6,4.6,3.3,19,1
1824-06-01,1824,6,0.0,0.0,2.0,25,1
1824-07-01,1824,7,0.0,0.0,2.0,21,1
1824-08-01,1824,8,2.3,2.3,2.7,15,1
1824-09-01,1824,9,34.3,34.3,7.5,19,1
1824-10-01,1824,10,42.0,42.0,8.2,25,1
1824-11-01,1824,11,0.0,0.0,2.0,18,1
1824-12-01,1824,12,1.4,1.4,2.4,20,1
1825-01-01,1825,1,8.4,8.4,4.1,29,1
1825-02-01,1825,2,25.9,25.9,6.6,24,1
1825-03-01,1825,3,37.4,37.4,7.8,27,1
1825-04-01,1825,4,6.2,6.2,3.6,25,1
1825-05-01,1825,5,25.8,25.8,6.4,25,1
1825-06-01,1825,6,25.6,25.6,6.5,28,1
1825-07-01,1825,7,51.5,51.5,9.1,30,1
1825-08-01,1825,8,42.8,42.8,8.3,30,1
1825-09-01,1825,9,26.2,26.2,6.6,26,1
1825-10-01,1825,10,26.0,26.0,6.6,25,1
1825-11-01,1825,11,19.6,19.6,5.7,18,1
1825-12-01,1825,12,36.7,36.7,7.7,23,1
1826-01-01,1826,1,29.4,29.4,6.9,21,1
1826-02-01,1826,2,30.2,30.2,7.0,25,1
1826-03-01,1826,3,61.3,61.3,9.9,28,1
1826-04-01,1826,4,40.0,40.0,8.1,27,1
1826-05-01,1826,5,53.9,53.9,9.3,30,1
1826-06-01,1826,6,61.7,61.7,10.0,29,1
1826-07-01,1826,7,87.5,87.5,11.9,30,1
1826-08-01,1826,8,66.0,66.0,10.4,31,1
1826-09-01,1826,9,31.6,31.6,7.2,30,1
1826-10-01,1826,10,84.4,84.4,11.6,28,1
1826-11-01,1826,11,65.8,65.8,10.3,22,1
1826-12-01,1826,12,113.6,113.6,13.5,19,1
1827-01-01,1827,1,57.7,57.7,9.7,23,1
1827-02-01,1827,2,79.0,79.0,11.3,25,1
1827-03-01,1827,3,96.3,96.3,12.4,28,1
1827-04-01,1827,4,76.7,76.7,11.1,27,1
1827-05-01,1827,5,93.8,93.8,12.3,30,1
1827-06-01,1827,6,94.4,94.4,12.3,26,1
1827-07-01,1827,7,70.4,70.4,10.6,31,1
1827-08-01,1827,8,89.4,89.4,12.0,29,1
1827-09-01,1827,9,82.6,82.6,11.5,30,1
1827-10-01,1827,10,93.5,93.5,12.2,27,1
1827-11-01,1827,11,80.4,80.4,11.4,20,1
1827-12-01,1827,12,76.8,76.8,11.1,25,1
1828-01-01,1828,1,88.0,88.0,11.9,18,1
1828-02-01,1828,2,107.3,107.3,13.1,22,1
1828-03-01,1828,3,108.5,108.5,13.2,24,1
1828-04-01,1828,4,101.9,101.9,12.8,29,1
1828-05-01,1828,5,148.6,148.6,15.5,27,1
1828-06-01,1828,6,163.4,163.4,16.2,26,1
1828-07-01,1828,7,90.4,90.4,12.0,31,1
1828-08-01,1828,8,127.3,127.3,14.3,31,1
1828-09-01,1828,9,83.9,83.9,11.6,30,1
1828-10-01,1828,10,91.1,91.1,12.1,26,1
1828-11-01,1828,11,95.0,95.0,12.3,22,1
1828-12-01,1828,12,78.1,78.1,11.2,15,1
1829-01-01,1829,1,71.6,71.6,10.7,14,1
1829-02-01,1829,2,82.3,82.3,11.5,20,1
1829-03-01,1829,3,120.6,120.6,13.9,26,1
1829-04-01,1829,4,158.4,158.4,15.9,29,1
1829-05-01,1829,5,112.3,112.3,13.4,29,1
1829-06-01,1829,6,123.2,123.2,14.1,28,1
1829-07-01,1829,7,151.5,151.5,15.6,28,1
1829-08-01,1829,8,129.3,129.3,14.4,27,1
1829-09-01,1829,9,88.0,88.0,11.9,26,1
1829-10-01,1829,10,95.3,95.3,12.4,23,1
1829-11-01,1829,11,112.7,112.7,13.4,19,1
1829-12-01,1829,12,94.1,94.1,12.3,22,1
1830-01-01,1830,1,87.0,87.0,11.8,17,1
1830-02-01,1830,2,120.1,120.1,13.9,18,1
1830-03-01,1830,3,141.0,141.0,15.1,20,1
1830-04-01,1830,4,177.3,177.3,16.9,26,1
1830-05-01,1830,5,110.5,110.5,13.3,28,1
1830-06-01,1830,6,108.4,108.4,13.2,27,1
1830-07-01,1830,7,73.2,73.2,10.8,26,1
1830-08-01,1830,8,84.6,84.6,11.7,25,1
1830-09-01,1830,9,103.4,103.4,12.9,24,1
1830-10-01,1830,10,140.6,140.6,15.0,25,1
1830-11-01,1830,11,135.4,135.4,14.7,19,1
1830-12-01,1830,12,136.8,136.8,14.8,13,1
1831-01-01,1831,1,79.0,79.0,11.3,22,1
1831-02-01,1831,2,83.6,83.6,11.6,21,1
1831-03-01,1831,3,155.8,155.8,15.8,25,1
1831-04-01,1831,4,90.9,90.9,12.1,27,1
1831-05-01,1831,5,63.4,63.4,10.1,31,1
1831-06-01,1831,6,55.6,55.6,9.4,27,1
1831-07-01,1831,7,75.4,75.4,11.0,29,1
1831-08-01,1831,8,91.6,91.6,12.1,28,1
1831-09-01,1831,9,63.2,63.2,10.1,22,1
1831-10-01,1831,10,77.1,77.1,11.1,23,1
1831-11-01,1831,11,72.5,72.5,10.8,15,1
1831-12-01,1831,12,48.3,48.3,8.8,15,1
1832-01-01,1832,1,51.5,51.5,9.1,11,1
1832-02-01,1832,2,92.6,92.6,12.2,23,1
1832-03-01,1832,3,91.9,91.9,12.1,21,1
1832-04-01,1832,4,44.8,44.8,8.5,27,1
1832-05-01,1832,5,68.9,68.9,10.5,28,1
1832-06-01,1832,6,44.5,44.5,8.4,22,1
1832-07-01,1832,7,23.3,23.3,6.2,25,1
1832-08-01,1832,8,14.8,14.8,5.1,31,1
1832-09-01,1832,9,13.7,13.7,4.9,29,1
1832-10-01,1832,10,35.2,35.2,7.5,25,1
1832-11-01,1832,11,23.8,23.8,6.2,18,1
1832-12-01,1832,12,45.8,45.8,8.6,17,1
1833-01-01,1833,1,18.7,18.7,5.7,22,1
1833-02-01,1833,2,24.9,24.9,6.5,21,1
1833-03-01,1833,3,19.6,19.6,5.8,19,1
1833-04-01,1833,4,4.6,4.6,3.3,27,1
1833-05-01,1833,5,21.5,21.5,6.0,28,1
1833-06-01,1833,6,1.7,1.7,2.5,30,1
1833-07-01,1833,7,11.6,11.6,4.6,27,1
1833-08-01,1833,8,9.5,9.5,4.2,30,1
1833-09-01,1833,9,19.3,19.3,5.8,16,1
1833-10-01,1833,10,12.5,12.5,4.7,29,1
1833-11-01,1833,11,9.8,9.8,4.2,24,1
1833-12-01,1833,12,16.6,16.6,5.3,19,1
1834-01-01,1834,1,8.2,8.2,4.0,11,1
1834-02-01,1834,2,30.1,30.1,7.0,20,1
1834-03-01,1834,3,6.5,6.5,3.7,24,1
1834-04-01,1834,4,2.4,2.4,2.7,25,1
1834-05-01,1834,5,14.8,14.8,5.0,30,1
1834-06-01,1834,6,13.1,13.1,4.8,28,1
1834-07-01,1834,7,14.4,14.4,5.0,22,1
1834-08-01,1834,8,6.6,6.6,3.7,29,1
1834-09-01,1834,9,19.2,19.2,5.6,21,1
1834-10-01,1834,10,41.3,41.3,8.2,20,1
1834-11-01,1834,11,50.9,50.9,9.1,15,1
1834-12-01,1834,12,57.5,57.5,9.6,15,1
1835-01-01,1835,1,12.4,12.4,4.7,22,1
1835-02-01,1835,2,40.7,40.7,8.1,15,1
1835-03-01,1835,3,32.7,32.7,7.3,18,1
1835-04-01,1835,4,102.4,102.4,12.8,14,1
1835-05-01,1835,5,72.6,72.6,10.8,22,1
1835-06-01,1835,6,55.2,55.2,9.4,17,1
1835-07-01,1835,7,99.6,99.6,12.7,13,1
1835-08-01,1835,8,98.5,98.5,12.6,2,1
1835-09-01,1835,9,168.0,168.0,16.4,11,1
1835-10-01,1835,10,158.6,158.6,16.0,16,1
1835-11-01,1835,11,166.7,166.7,16.4,15,1
1835-12-01,1835,12,129.3,129.3,14.4,8,1
1836-01-01,1836,1,147.6,147.6,15.4,17,1
1836-02-01,1836,2,179.4,179.4,17.0,14,1
1836-03-01,1836,3,163.7,163.7,16.2,12,1
1836-04-01,1836,4,238.0,238.0,19.6,16,1
1836-05-01,1836,5,185.7,185.7,17.3,23,1
1836-06-01,1836,6,207.9,207.9,18.3,15,1
1836-07-01,1836,7,194.6,194.6,17.7,15,1
1836-08-01,1836,8,179.6,179.6,17.0,16,1
1836-09-01,1836,9,158.5,158.5,16.0,12,1
1836-10-01,1836,10,228.9,228.9,19.2,11,1
1836-11-01,1836,11,201.5,201.5,18.0,11,1
1836-12-01,1836,12,343.8,343.8,23.5,4,1
1837-01-01,1837,1,313.4,313.4,22.4,10,1
1837-02-01,1837,2,292.6,292.6,21.7,13,1
1837-03-01,1837,3,224.3,224.3,19.0,12,1
1837-04-01,1837,4,230.3,230.3,19.2,10,1
1837-05-01,1837,5,186.1,186.1,17.3,15,1
1837-06-01,1837,6,263.4,263.4,20.6,18,1
1837-07-01,1837,7,271.2,271.2,20.9,9,1
1837-08-01,1837,8,223.5,223.5,18.9,11,1
1837-09-01,1837,9,160.4,160.4,16.1,19,1
1837-10-01,1837,10,206.2,206.2,18.2,18,1
1837-11-01,1837,11,178.4,178.4,16.9,7,1
1837-12-01,1837,12,216.1,216.1,18.6,8,1
1838-01-01,1838,1,241.5,241.5,19.7,11,1
1838-02-01,1838,2,141.3,141.3,15.1,18,1
1838-03-01,1838,3,234.5,234.5,19.4,12,1
1838-04-01,1838,4,211.1,211.1,18.4,16,1
1838-05-01,1838,5,229.4,229.4,19.2,20,1
1838-06-01,1838,6,157.6,157.6,15.9,19,1
1838-07-01,1838,7,180.4,180.4,17.0,21,1
1838-08-01,1838,8,131.3,131.3,14.5,15,1
1838-09-01,1838,9,122.7,122.7,14.0,23,1
1838-10-01,1838,10,151.5,151.5,15.6,16,1
1838-11-01,1838,11,129.2,129.2,14.4,16,1
1838-12-01,1838,12,132.9,132.9,14.6,14,1
1839-01-01,1839,1,175.9,175.9,16.8,15,1
1839-02-01,1839,2,170.8,170.8,16.6,12,1
1839-03-01,1839,3,129.5,129.5,14.4,15,1
1839-04-01,1839,4,102.9,102.9,12.9,14,1
1839-05-01,1839,5,89.6,89.6,12.0,22,1
1839-06-01,1839,6,91.2,91.2,12.1,20,1
1839-07-01,1839,7,141.3,141.3,15.1,25,1
1839-08-01,1839,8,218.8,218.8,18.7,17,1
1839-09-01,1839,9,221.1,221.1,18.8,18,1
1839-10-01,1839,10,151.5,151.5,15.6,16,1
1839-11-01,1839,11,114.7,114.7,13.6,11,1
1839-12-01,1839,12,106.2,106.2,13.1,9,1
1840-01-01,1840,1,135.4,135.4,14.7,18,1
1840-02-01,1840,2,146.1,146.1,15.3,14,1
1840-03-01,1840,3,112.9,112.9,13.5,18,1
1840-04-01,1840,4,109.8,109.8,13.3,21,1
1840-05-01,1840,5,115.4,115.4,13.6,22,1
1840-06-01,1840,6,80.9,80.9,11.4,27,1
1840-07-01,1840,7,101.0,101.0,12.7,23,1
1840-08-01,1840,8,96.4,96.4,12.4,24,1
1840-09-01,1840,9,123.3,123.3,14.1,20,1
1840-10-01,1840,10,91.7,91.7,12.1,19,1
1840-11-01,1840,11,90.4,90.4,12.0,20,1
1840-12-01,1840,12,89.5,89.5,12.0,22,1
1841-01-01,1841,1,40.1,40.1,8.1,15,1
1841-02-01,1841,2,49.9,49.9,8.9,20,1
1841-03-01,1841,3,49.6,49.6,8.9,22,1
1841-04-01,1841,4,66.9,66.9,10.4,28,1
1841-05-01,1841,5,112.4,112.4,13.5,27,1
1841-06-01,1841,6,92.8,92.8,12.2,24,1
1841-07-01,1841,7,51.4,51.4,9.1,27,1
1841-08-01,1841,8,65.4,65.4,10.3,28,1
1841-09-01,1841,9,60.9,60.9,9.9,28,1
1841-10-01,1841,10,47.4,47.4,8.7,19,1
1841-11-01,1841,11,32.9,32.9,7.3,20,1
1841-12-01,1841,12,64.8,64.8,10.2,19,1
1842-01-01,1842,1,34.0,34.0,7.5,20,1
1842-02-01,1842,2,36.8,36.8,7.8,22,1
1842-03-01,1842,3,36.2,36.2,7.7,25,1
1842-04-01,1842,4,44.9,44.9,8.5,30,1
1842-05-01,1842,5,41.4,41.4,8.2,31,1
1842-06-01,1842,6,34.2,34.2,7.4,30,1
1842-07-01,1842,7,21.0,21.0,6.0,31,1
1842-08-01,1842,8,44.4,44.4,8.5,31,1
1842-09-01,1842,9,30.6,30.6,7.1,28,1
1842-10-01,1842,10,63.5,63.5,10.1,23,1
1842-11-01,1842,11,67.5,67.5,10.4,25,1
1842-12-01,1842,12,29.3,29.3,6.9,15,1
1843-01-01,1843,1,22.2,22.2,6.1,22,1
1843-02-01,1843,2,5.9,5.9,3.5,14,1
1843-03-01,1843,3,13.9,13.9,5.0,29,1
1843-04-01,1843,4,15.8,15.8,5.2,29,1
1843-05-01,1843,5,35.1,35.1,7.6,30,1
1843-06-01,1843,6,17.6,17.6,5.4,30,1
1843-07-01,1843,7,15.9,15.9,5.2,31,1
1843-08-01,1843,8,19.6,19.6,5.8,31,1
1843-09-01,1843,9,6.9,6.9,3.7,30,1
1843-10-01,1843,10,8.9,8.9,4.1,31,1
1843-11-01,1843,11,31.7,31.7,7.2,27,1
1843-12-01,1843,12,21.2,21.2,6.0,16,1
1844-01-01,1844,1,15.7,15.7,5.2,24,1
1844-02-01,1844,2,24.5,24.5,6.4,22,1
1844-03-01,1844,3,22.5,22.5,6.1,21,1
1844-04-01,1844,4,34.6,34.6,7.5,28,1
1844-05-01,1844,5,19.2,19.2,5.7,25,1
1844-06-01,1844,6,6.2,6.2,3.6,29,1
1844-07-01,1844,7,35.2,35.2,7.6,29,1
1844-08-01,1844,8,39.7,39.7,8.1,28,1
1844-09-01,1844,9,11.6,11.6,4.7,27,1
1844-10-01,1844,10,35.9,35.9,7.7,25,1
1844-11-01,1844,11,17.9,17.9,5.6,16,1
1844-12-01,1844,12,36.0,36.0,7.6,20,1
1845-01-01,1845,1,42.8,42.8,8.3,17,1
1845-02-01,1845,2,72.8,72.8,10.8,17,1
1845-03-01,1845,3,72.1,72.1,10.8,22,1
1845-04-01,1845,4,95.0,95.0,12.3,25,1
1845-05-01,1845,5,79.7,79.7,11.3,27,1
1845-06-01,1845,6,51.8,51.8,9.2,25,1
1845-07-01,1845,7,51.0,51.0,9.1,24,1
1845-08-01,1845,8,53.9,53.9,9.3,27,1
1845-09-01,1845,9,49.3,49.3,9.0,26,1
1845-10-01,1845,10,67.8,67.8,10.4,19,1
1845-11-01,1845,11,65.7,65.7,10.3,23,1
1845-12-01,1845,12,99.5,99.5,12.6,13,1
1846-01-01,1846,1,64.6,64.6,10.2,19,1
1846-02-01,1846,2,84.9,84.9,11.7,21,1
1846-03-01,1846,3,106.5,106.5,13.1,22,1
1846-04-01,1846,4,115.5,115.5,13.6,19,1
1846-05-01,1846,5,99.9,99.9,12.7,21,1
1846-06-01,1846,6,108.4,108.4,13.2,28,1
1846-07-01,1846,7,77.5,77.5,11.1,26,1
1846-08-01,1846,8,91.3,91.3,12.1,26,1
1846-09-01,1846,9,178.6,178.6,16.9,23,1
1846-10-01,1846,10,93.4,93.4,12.2,16,1
1846-11-01,1846,11,100.6,100.6,12.7,16,1
1846-12-01,1846,12,109.1,109.1,13.2,10,1
1847-01-01,1847,1,104.4,104.4,12.9,11,1
1847-02-01,1847,2,74.9,74.9,10.9,10,1
1847-03-01,1847,3,143.0,143.0,15.1,19,1
1847-04-01,1847,4,74.6,74.6,10.9,20,1
1847-05-01,1847,5,125.7,125.7,14.2,26,1
1847-06-01,1847,6,142.2,142.2,15.1,25,1
1847-07-01,1847,7,87.1,87.1,11.8,25,1
1847-08-01,1847,8,234.3,234.3,19.4,28,1
1847-09-01,1847,9,268.2,268.2,20.7,15,1
1847-10-01,1847,10,300.6,300.6,22.0,19,1
1847-11-01,1847,11,231.5,231.5,19.3,20,1
1847-12-01,1847,12,182.6,182.6,17.1,14,1
1848-01-01,1848,1,265.2,265.2,20.6,14,1
1848-02-01,1848,2,186.4,186.4,17.3,13,1
1848-03-01,1848,3,181.2,181.2,17.1,17,1
1848-04-01,1848,4,178.6,178.6,16.9,18,1
1848-05-01,1848,5,170.5,170.5,16.5,27,1
1848-06-01,1848,6,214.9,214.9,18.6,24,1
1848-07-01,1848,7,232.0,232.0,19.3,27,1
1848-08-01,1848,8,220.9,220.9,18.8,21,1
1848-09-01,1848,9,167.3,167.3,16.4,20,1
1848-10-01,1848,10,220.6,220.6,18.8,13,1
1848-11-01,1848,11,191.0,191.0,17.5,16,1
1848-12-01,1848,12,265.8,265.8,20.7,24,1
1849-01-01,1849,1,298.3,298.3,21.4,31,1
1849-02-01,1849,2,250.3,250.3,19.5,28,1
1849-03-01,1849,3,182.7,182.7,16.6,31,1
1849-04-01,1849,4,194.7,194.7,17.1,30,1
1849-05-01,1849,5,153.2,153.2,15.1,31,1
1849-06-01,1849,6,154.2,154.2,15.2,30,1
1849-07-01,1849,7,148.2,148.2,14.9,31,1
1849-08-01,1849,8,128.6,128.6,13.8,31,1
1849-09-01,1849,9,178.0,178.0,16.3,30,1
1849-10-01,1849,10,135.7,135.7,14.2,31,1
1849-11-01,1849,11,188.2,188.2,16.8,30,1
1849-12-01,1849,12,184.3,184.3,16.6,31,1
1850-01-01,1850,1,148.2,148.2,14.9,31,1
1850-02-01,1850,2,169.8,169.8,15.9,28,1
1850-03-01,1850,3,156.8,156.8,15.3,31,1
1850-04-01,1850,4,83.8,83.8,11.1,30,1
1850-05-01,1850,5,117.0,117.0,13.1,31,1
1850-06-01,1850,6,133.0,133.0,14.1,30,1
1850-07-01,1850,7,74.3,74.3,10.5,31,1
1850-08-01,1850,8,117.0,117.0,13.1,31,1
1850-09-01,1850,9,163.7,163.7,15.6,30,1
1850-10-01,1850,10,134.9,134.9,14.1,31,1
1850-11-01,1850,11,104.1,104.1,12.4,30,1
1850-12-01,1850,12,115.9,115.9,13.1,31,1
1851-01-01,1851,1,143.5,143.5,14.7,31,1
1851-02-01,1851,2,200.1,200.1,17.3,28,1
1851-03-01,1851,3,122.8,122.8,13.5,31,1
1851-04-01,1851,4,107.3,107.3,12.6,30,1
1851-05-01,1851,5,118.9,118.9,13.3,31,1
1851-06-01,1851,6,120.0,120.0,13.3,30,1
1851-07-01,1851,7,68.6,68.6,10.0,31,1
1851-08-01,1851,8,109.0,109.0,12.7,31,1
1851-09-01,1851,9,128.9,128.9,13.8,30,1
1851-10-01,1851,10,118.7,118.7,13.3,31,1
1851-11-01,1851,11,96.8,96.8,11.9,30,1
1851-12-01,1851,12,135.5,135.5,14.2,31,1
1852-01-01,1852,1,129.9,129.9,13.9,31,1
1852-02-01,1852,2,126.2,126.2,13.7,29,1
1852-03-01,1852,3,116.2,116.2,13.1,31,1
1852-04-01,1852,4,124.3,124.3,13.6,30,1
1852-05-01,1852,5,104.3,104.3,12.4,31,1
1852-06-01,1852,6,89.0,89.0,11.4,30,1
1852-07-01,1852,7,80.0,80.0,10.8,31,1
1852-08-01,1852,8,75.3,75.3,10.5,31,1
1852-09-01,1852,9,71.2,71.2,10.2,30,1
1852-10-01,1852,10,127.9,127.9,13.8,31,1
1852-11-01,1852,11,103.1,103.1,12.3,30,1
1852-12-01,1852,12,86.1,86.1,11.3,31,1
1853-01-01,1853,1,77.9,77.9,10.7,31,1
1853-02-01,1853,2,81.5,81.5,10.9,28,1
1853-03-01,1853,3,71.6,71.6,10.2,31,1
1853-04-01,1853,4,90.4,90.4,11.5,30,1
1853-05-01,1853,5,65.9,65.9,9.8,31,1
1853-06-01,1853,6,76.0,76.0,10.6,30,1
1853-07-01,1853,7,87.2,87.2,11.3,31,1
1853-08-01,1853,8,95.8,95.8,11.9,31,1
1853-09-01,1853,9,63.7,63.7,9.7,30,1
1853-10-01,1853,10,80.5,80.5,10.9,31,1
1853-11-01,1853,11,54.7,54.7,8.9,30,1
1853-12-01,1853,12,44.5,44.5,8.0,31,1
1854-01-01,1854,1,29.3,29.3,6.5,31,1
1854-02-01,1854,2,38.0,38.0,7.4,28,1
1854-03-01,1854,3,39.4,39.4,7.6,31,1
1854-04-01,1854,4,50.3,50.3,8.6,30,1
1854-05-01,1854,5,45.6,45.6,8.2,31,1
1854-06-01,1854,6,40.1,40.1,7.6,30,1
1854-07-01,1854,7,35.5,35.5,7.2,31,1
1854-08-01,1854,8,30.1,30.1,6.6,31,1
1854-09-01,1854,9,42.6,42.6,7.9,30,1
1854-10-01,1854,10,24.1,24.1,5.9,31,1
1854-11-01,1854,11,53.5,53.5,8.8,30,1
1854-12-01,1854,12,41.1,41.1,7.7,31,1
1855-01-01,1855,1,23.4,23.4,5.8,31,1
1855-02-01,1855,2,21.6,21.6,5.6,28,1
1855-03-01,1855,3,33.0,33.0,6.9,31,1
1855-04-01,1855,4,8.4,8.4,3.5,30,1
1855-05-01,1855,5,17.3,17.3,5.0,31,1
1855-06-01,1855,6,10.0,10.0,3.8,30,1
1855-07-01,1855,7,0.7,0.7,1.0,31,1
1855-08-01,1855,8,5.9,5.9,2.9,31,1
1855-09-01,1855,9,0.0,0.0,0.0,30,1
1855-10-01,1855,10,18.3,18.3,5.1,31,1
1855-11-01,1855,11,7.9,7.9,3.4,30,1
1855-12-01,1855,12,5.8,5.8,2.9,31,1
1856-01-01,1856,1,1.0,1.0,1.2,31,1
1856-02-01,1856,2,9.3,9.3,3.7,29,1
1856-03-01,1856,3,0.7,0.7,1.0,31,1
1856-04-01,1856,4,12.4,12.4,4.2,30,1
1856-05-01,1856,5,0.0,0.0,0.0,31,1
1856-06-01,1856,6,9.8,9.8,3.8,30,1
1856-07-01,1856,7,8.8,8.8,3.6,31,1
1856-08-01,1856,8,11.3,11.3,4.0,31,1
1856-09-01,1856,9,8.4,8.4,3.5,30,1
1856-10-01,1856,10,8.5,8.5,3.5,31,1
1856-11-01,1856,11,14.7,14.7,4.6,30,1
1856-12-01,1856,12,13.7,13.7,4.4,31,1
1857-01-01,1857,1,26.0,26.0,6.1,31,1
1857-02-01,1857,2,14.2,14.2,4.5,28,1
1857-03-01,1857,3,10.0,10.0,3.8,31,1
1857-04-01,1857,4,21.1,21.1,5.5,30,1
1857-05-01,1857,5,54.2,54.2,8.9,31,1
1857-06-01,1857,6,30.5,30.5,6.6,30,1
1857-07-01,1857,7,42.2,42.2,7.8,31,1
1857-08-01,1857,8,32.0,32.0,6.8,31,1
1857-09-01,1857,9,80.6,80.6,10.9,30,1
1857-10-01,1857,10,77.1,77.1,10.6,31,1
1857-11-01,1857,11,59.6,59.6,9.3,30,1
1857-12-01,1857,12,70.7,70.7,10.2,31,1
1858-01-01,1858,1,74.2,74.2,10.4,31,1
1858-02-01,1858,2,66.3,66.3,9.9,28,1
1858-03-01,1858,3,109.2,109.2,12.7,31,1
1858-04-01,1858,4,72.8,72.8,10.3,30,1
1858-05-01,1858,5,78.6,78.6,10.7,31,1
1858-06-01,1858,6,84.5,84.5,11.1,30,1
1858-07-01,1858,7,107.7,107.7,12.6,31,1
1858-08-01,1858,8,104.9,104.9,12.5,31,1
1858-09-01,1858,9,152.2,152.2,15.1,30,1
1858-10-01,1858,10,173.2,173.2,16.1,31,1
1858-11-01,1858,11,98.6,98.6,12.1,30,1
1858-12-01,1858,12,127.0,127.0,13.7,31,1
1859-01-01,1859,1,159.0,159.0,15.4,31,1
1859-02-01,1859,2,166.4,166.4,15.8,28,1
1859-03-01,1859,3,171.5,171.5,16.0,31,1
1859-04-01,1859,4,162.9,162.9,15.6,30,1
1859-05-01,1859,5,172.8,172.8,16.1,31,1
1859-06-01,1859,6,165.2,165.2,15.7,30,1
1859-07-01,1859,7,180.7,180.7,16.5,31,1
1859-08-01,1859,8,203.0,203.0,17.5,31,1
1859-09-01,1859,9,200.9,200.9,17.4,30,1
1859-10-01,1859,10,217.8,217.8,18.1,31,1
1859-11-01,1859,11,184.6,184.6,16.6,30,1
1859-12-01,1859,12,153.9,153.9,15.1,31,1
1860-01-01,1860,1,156.6,156.6,15.3,31,1
1860-02-01,1860,2,167.9,167.9,15.9,29,1
1860-03-01,1860,3,188.0,188.0,16.8,31,1
1860-04-01,1860,4,135.7,135.7,14.2,30,1
1860-05-01,1860,5,203.5,203.5,17.5,31,1
1860-06-01,1860,6,206.3,206.3,17.7,30,1
1860-07-01,1860,7,221.9,221.9,18.3,31,1
1860-08-01,1860,8,190.5,190.5,16.9,31,1
1860-09-01,1860,9,175.2,175.2,16.2,30,1
1860-10-01,1860,10,171.1,171.1,16.0,31,1
1860-11-01,1860,11,186.0,186.0,16.7,30,1
1860-12-01,1860,12,181.7,181.7,16.5,31,1
1861-01-01,1861,1,118.5,118.5,13.2,31,1
1861-02-01,1861,2,147.5,147.5,14.8,28,1
1861-03-01,1861,3,192.0,192.0,17.0,31,1
1861-04-01,1861,4,187.1,187.1,16.8,30,1
1861-05-01,1861,5,107.8,107.8,12.6,31,1
1861-06-01,1861,6,167.5,167.5,15.8,30,1
1861-07-01,1861,7,148.2,148.2,14.8,31,1
1861-08-01,1861,8,156.7,156.7,15.3,31,1
1861-09-01,1861,9,151.9,151.9,15.0,30,1
1861-10-01,1861,10,127.7,127.7,13.8,31,1
1861-11-01,1861,11,102.0,102.0,12.3,30,1
1861-12-01,1861,12,152.8,152.8,15.1,31,1
1862-01-01,1862,1,119.9,119.9,13.3,31,1
1862-02-01,1862,2,122.4,122.4,13.5,28,1
1862-03-01,1862,3,82.7,82.7,11.0,31,1
1862-04-01,1862,4,102.1,102.1,12.2,30,1
1862-05-01,1862,5,122.4,122.4,13.4,31,1
1862-06-01,1862,6,159.7,159.7,15.4,30,1
1862-07-01,1862,7,139.5,139.5,14.4,31,1
1862-08-01,1862,8,118.7,118.7,13.2,31,1
1862-09-01,1862,9,126.4,126.4,13.7,30,1
1862-10-01,1862,10,79.8,79.8,10.8,31,1
1862-11-01,1862,11,96.0,96.0,11.9,30,1
1862-12-01,1862,12,77.6,77.6,10.7,31,1
1863-01-01,1863,1,91.8,91.8,11.6,31,1
1863-02-01,1863,2,107.7,107.7,12.6,28,1
1863-03-01,1863,3,126.0,126.0,13.6,31,1
1863-04-01,1863,4,77.1,77.1,10.6,30,1
1863-05-01,1863,5,102.1,102.1,12.2,31,1
1863-06-01,1863,6,77.6,77.6,10.7,30,1
1863-07-01,1863,7,62.0,62.0,9.5,31,1
1863-08-01,1863,8,91.3,91.3,11.6,31,1
1863-09-01,1863,9,41.7,41.7,7.8,30,1
1863-10-01,1863,10,75.7,75.7,10.5,31,1
1863-11-01,1863,11,71.6,71.6,10.2,30,1
1863-12-01,1863,12,78.1,78.1,10.7,31,1
1864-01-01,1864,1,109.7,109.7,12.7,31,1
1864-02-01,1864,2,89.5,89.5,11.5,29,1
1864-03-01,1864,3,125.9,125.9,13.6,31,1
1864-04-01,1864,4,68.1,68.1,10.0,30,1
1864-05-01,1864,5,77.1,77.1,10.6,31,1
1864-06-01,1864,6,109.9,109.9,12.8,30,1
1864-07-01,1864,7,103.8,103.8,12.4,31,1
1864-08-01,1864,8,104.1,104.1,12.5,31,1
1864-09-01,1864,9,54.2,54.2,8.9,30,1
1864-10-01,1864,10,64.4,64.4,9.7,31,1
1864-11-01,1864,11,109.3,109.3,12.7,30,1
1864-12-01,1864,12,54.3,54.3,8.9,31,1
1865-01-01,1865,1,92.5,92.5,11.7,31,1
1865-02-01,1865,2,74.6,74.6,10.5,28,1
1865-03-01,1865,3,75.0,75.0,10.5,31,1
1865-04-01,1865,4,55.9,55.9,9.0,30,1
1865-05-01,1865,5,65.6,65.6,9.8,31,1
1865-06-01,1865,6,63.8,63.8,9.7,30,1
1865-07-01,1865,7,50.8,50.8,8.6,31,1
1865-08-01,1865,8,71.8,71.8,10.3,31,1
1865-09-01,1865,9,41.0,41.0,7.7,30,1
1865-10-01,1865,10,32.5,32.5,6.9,31,1
1865-11-01,1865,11,46.7,46.7,8.2,30,1
1865-12-01,1865,12,24.3,24.3,5.9,31,1
1866-01-01,1866,1,60.0,60.0,9.4,31,1
1866-02-01,1866,2,72.9,72.9,10.4,28,1
1866-03-01,1866,3,46.6,46.6,8.2,31,1
1866-04-01,1866,4,33.5,33.5,7.0,30,1
1866-05-01,1866,5,24.6,24.6,6.0,31,1
1866-06-01,1866,6,31.4,31.4,6.7,30,1
1866-07-01,1866,7,17.6,17.6,5.0,31,1
1866-08-01,1866,8,24.2,24.2,5.9,31,1
1866-09-01,1866,9,13.9,13.9,4.5,30,1
1866-10-01,1866,10,26.8,26.8,6.2,31,1
1866-11-01,1866,11,17.2,17.2,5.0,30,1
1866-12-01,1866,12,2.9,2.9,2.0,31,1
1867-01-01,1867,1,0.0,0.0,0.0,31,1
1867-02-01,1867,2,1.4,1.4,1.4,28,1
1867-03-01,1867,3,17.4,17.4,5.0,31,1
1867-04-01,1867,4,9.7,9.7,3.7,30,1
1867-05-01,1867,5,5.5,5.5,2.8,31,1
1867-06-01,1867,6,2.8,2.8,2.0,30,1
1867-07-01,1867,7,9.5,9.5,3.7,31,1
1867-08-01,1867,8,9.1,9.1,3.6,31,1
1867-09-01,1867,9,18.7,18.7,5.2,30,1
1867-10-01,1867,10,25.5,25.5,6.1,31,1
1867-11-01,1867,11,18.1,18.1,5.1,30,1
1867-12-01,1867,12,47.9,47.9,8.4,31,1
1868-01-01,1868,1,25.9,25.9,5.9,31,1
1868-02-01,1868,2,26.3,26.3,5.8,29,1
1868-03-01,1868,3,44.0,44.0,7.5,31,1
1868-04-01,1868,4,61.1,61.1,8.8,30,1
1868-05-01,1868,5,44.5,44.5,7.5,31,1
1868-06-01,1868,6,51.8,51.8,8.1,30,1
1868-07-01,1868,7,48.3,48.3,7.9,31,1
1868-08-01,1868,8,57.3,57.3,8.5,31,1
1868-09-01,1868,9,78.7,78.7,10.0,30,1
1868-10-01,1868,10,102.8,102.8,11.4,31,1
1868-11-01,1868,11,98.7,98.7,11.2,30,1
1868-12-01,1868,12,112.8,112.8,11.9,31,1
1869-01-01,1869,1,101.6,101.6,11.3,31,1
1869-02-01,1869,2,99.9,99.9,11.2,28,1
1869-03-01,1869,3,88.0,88.0,10.5,31,1
1869-04-01,1869,4,68.4,68.4,9.3,30,1
1869-05-01,1869,5,173.4,173.4,14.8,31,1
1869-06-01,1869,6,180.7,180.7,15.1,30,1
1869-07-01,1869,7,98.8,98.8,11.2,31,1
1869-08-01,1869,8,132.7,132.7,12.9,31,1
1869-09-01,1869,9,134.5,134.5,13.0,30,1
1869-10-01,1869,10,99.0,99.0,11.2,31,1
1869-11-01,1869,11,130.2,130.2,12.8,30,1
1869-12-01,1869,12,174.1,174.1,14.8,31,1
1870-01-01,1870,1,129.0,129.0,12.7,31,1
1870-02-01,1870,2,191.7,191.7,15.5,28,1
1870-03-01,1870,3,262.7,262.7,18.2,31,1
1870-04-01,1870,4,266.9,266.9,18.3,30,1
1870-05-01,1870,5,293.6,293.6,19.2,31,1
1870-06-01,1870,6,226.3,226.3,16.9,30,1
1870-07-01,1870,7,220.9,220.9,16.7,31,1
1870-08-01,1870,8,256.5,256.5,18.0,31,1
1870-09-01,1870,9,226.8,226.8,16.9,30,1
1870-10-01,1870,10,244.3,244.3,17.5,31,1
1870-11-01,1870,11,246.0,246.0,17.6,30,1
1870-12-01,1870,12,216.7,216.7,16.5,31,1
1871-01-01,1871,1,147.2,147.2,13.6,31,1
1871-02-01,1871,2,209.0,209.0,16.2,28,1
1871-03-01,1871,3,238.7,238.7,17.4,31,1
1871-04-01,1871,4,270.9,270.9,18.5,30,1
1871-05-01,1871,5,242.6,242.6,17.5,31,1
1871-06-01,1871,6,152.9,152.9,13.9,30,1
1871-07-01,1871,7,171.8,171.8,14.7,31,1
1871-08-01,1871,8,183.7,183.7,15.2,31,1
1871-09-01,1871,9,133.9,133.9,13.0,30,1
1871-10-01,1871,10,148.5,148.5,13.7,31,1
1871-11-01,1871,11,175.7,175.7,14.9,30,1
1871-12-01,1871,12,150.8,150.8,13.8,31,1
1872-01-01,1872,1,132.7,132.7,12.9,31,1
1872-02-01,1872,2,200.3,200.3,15.9,29,1
1872-03-01,1872,3,147.5,147.5,13.6,31,1
1872-04-01,1872,4,170.4,170.4,14.7,30,1
1872-05-01,1872,5,179.5,179.5,15.0,31,1
1872-06-01,1872,6,183.3,183.3,15.2,30,1
1872-07-01,1872,7,176.0,176.0,14.9,31,1
1872-08-01,1872,8,155.0,155.0,14.0,31,1
1872-09-01,1872,9,191.1,191.1,15.5,30,1
1872-10-01,1872,10,171.2,171.2,14.7,31,1
1872-11-01,1872,11,186.8,186.8,15.3,30,1
1872-12-01,1872,12,139.9,139.9,13.3,31,1
1873-01-01,1873,1,144.6,144.6,13.5,31,1
1873-02-01,1873,2,178.4,178.4,15.0,28,1
1873-03-01,1873,3,164.0,164.0,14.4,31,1
1873-04-01,1873,4,127.1,127.1,12.7,30,1
1873-05-01,1873,5,80.0,80.0,10.1,31,1
1873-06-01,1873,6,74.8,74.8,9.8,30,1
1873-07-01,1873,7,111.7,111.7,11.9,31,1
1873-08-01,1873,8,113.8,113.8,12.0,31,1
1873-09-01,1873,9,78.7,78.7,10.0,30,1
1873-10-01,1873,10,78.6,78.6,10.0,31,1
1873-11-01,1873,11,92.5,92.5,10.8,30,1
1873-12-01,1873,12,82.0,82.0,10.2,31,1
1874-01-01,1874,1,101.4,101.4,11.3,31,1
1874-02-01,1874,2,107.1,107.1,11.6,28,1
1874-03-01,1874,3,77.5,77.5,9.9,31,1
1874-04-01,1874,4,53.5,53.5,8.2,30,1
1874-05-01,1874,5,74.6,74.6,9.7,31,1
1874-06-01,1874,6,63.8,63.8,9.0,30,1
1874-07-01,1874,7,113.2,113.2,11.9,31,1
1874-08-01,1874,8,102.3,102.3,11.3,31,1
1874-09-01,1874,9,46.8,46.8,7.7,30,1
1874-10-01,1874,10,57.4,57.4,8.5,31,1
1874-11-01,1874,11,48.2,48.2,7.8,30,1
1874-12-01,1874,12,48.8,48.8,7.9,31,1
1875-01-01,1875,1,24.4,24.4,5.7,31,1
1875-02-01,1875,2,35.9,35.9,6.8,28,1
1875-03-01,1875,3,56.4,56.4,8.4,31,1
1875-04-01,1875,4,48.6,48.6,7.8,30,1
1875-05-01,1875,5,19.2,19.2,5.1,31,1
1875-06-01,1875,6,39.9,39.9,7.1,30,1
1875-07-01,1875,7,20.9,20.9,5.3,31,1
1875-08-01,1875,8,24.4,24.4,5.7,31,1
1875-09-01,1875,9,4.0,4.0,2.9,30,1
1875-10-01,1875,10,21.3,21.3,5.3,31,1
1875-11-01,1875,11,29.6,29.6,6.3,30,1
1875-12-01,1875,12,16.5,16.5,4.8,31,1
1876-01-01,1876,1,23.9,23.9,5.7,31,1
1876-02-01,1876,2,25.1,25.1,5.7,29,1
1876-03-01,1876,3,51.1,51.1,8.1,31,1
1876-04-01,1876,4,3.9,3.9,2.9,30,1
1876-05-01,1876,5,8.5,8.5,3.7,31,1
1876-06-01,1876,6,2.7,2.7,2.6,30,1
1876-07-01,1876,7,25.5,25.5,5.8,31,1
1876-08-01,1876,8,14.8,14.8,4.5,31,1
1876-09-01,1876,9,16.6,16.6,4.8,30,1
1876-10-01,1876,10,23.9,23.9,5.6,31,1
1876-11-01,1876,11,16.6,16.6,4.8,30,1
1876-12-01,1876,12,13.6,13.6,4.4,31,1
1877-01-01,1877,1,40.6,40.6,7.2,31,1
1877-02-01,1877,2,14.5,14.5,4.4,28,1
1877-03-01,1877,3,19.9,19.9,5.2,31,1
1877-04-01,1877,4,26.3,26.3,5.9,30,1
1877-05-01,1877,5,36.1,36.1,6.8,31,1
1877-06-01,1877,6,23.6,23.6,5.5,30,1
1877-07-01,1877,7,10.0,10.0,3.8,31,1
1877-08-01,1877,8,10.5,10.5,3.9,31,1
1877-09-01,1877,9,28.1,28.1,6.0,30,1
1877-10-01,1877,10,11.2,11.2,4.1,31,1
1877-11-01,1877,11,23.6,23.6,5.6,30,1
1877-12-01,1877,12,3.5,3.5,2.7,31,1
1878-01-01,1878,1,5.5,5.5,3.1,31,1
1878-02-01,1878,2,11.0,11.0,4.1,28,1
1878-03-01,1878,3,13.1,13.1,4.3,31,1
1878-04-01,1878,4,0.2,0.2,2.0,30,1
1878-05-01,1878,5,9.9,9.9,3.9,31,1
1878-06-01,1878,6,10.7,10.7,4.0,30,1
1878-07-01,1878,7,0.2,0.2,2.0,31,1
1878-08-01,1878,8,0.0,0.0,2.0,31,1
1878-09-01,1878,9,8.8,8.8,3.7,30,1
1878-10-01,1878,10,1.9,1.9,2.4,31,1
1878-11-01,1878,11,6.8,6.8,3.3,30,1
1878-12-01,1878,12,0.9,0.9,2.2,31,1
1879-01-01,1879,1,1.6,1.6,2.3,31,1
1879-02-01,1879,2,0.9,0.9,2.2,28,1
1879-03-01,1879,3,0.0,0.0,2.0,31,1
1879-04-01,1879,4,10.4,10.4,3.9,30,1
1879-05-01,1879,5,4.0,4.0,2.8,31,1
1879-06-01,1879,6,8.0,8.0,3.6,30,1
1879-07-01,1879,7,12.6,12.6,4.2,31,1
1879-08-01,1879,8,17.9,17.9,5.0,31,1
1879-09-01,1879,9,10.1,10.1,3.8,30,1
1879-10-01,1879,10,20.4,20.4,5.2,31,1
1879-11-01,1879,11,21.9,21.9,5.4,30,1
1879-12-01,1879,12,12.2,12.2,4.1,31,1
1880-01-01,1880,1,40.1,40.1,7.2,31,1
1880-02-01,1880,2,45.4,45.4,7.6,29,1
1880-03-01,1880,3,32.1,32.1,6.4,31,1
1880-04-01,1880,4,32.4,32.4,6.4,30,1
1880-05-01,1880,5,39.1,39.1,7.1,31,1
1880-06-01,1880,6,56.9,56.9,8.5,30,1
1880-07-01,1880,7,36.5,36.5,6.8,31,1
1880-08-01,1880,8,80.3,80.3,10.1,31,1
1880-09-01,1880,9,110.1,110.1,11.8,30,1
1880-10-01,1880,10,71.7,71.7,9.5,31,1
1880-11-01,1880,11,51.1,51.1,8.1,30,1
1880-12-01,1880,12,49.4,49.4,7.9,31,1
1881-01-01,1881,1,60.6,60.6,8.7,31,1
1881-02-01,1881,2,88.6,88.6,10.6,28,1
1881-03-01,1881,3,85.8,85.8,10.4,31,1
1881-04-01,1881,4,86.1,86.1,10.4,30,1
1881-05-01,1881,5,72.5,72.5,9.6,31,1
1881-06-01,1881,6,100.8,100.8,11.3,30,1
1881-07-01,1881,7,128.2,128.2,12.7,31,1
1881-08-01,1881,8,97.3,97.3,11.1,31,1
1881-09-01,1881,9,88.6,88.6,10.6,30,1
1881-10-01,1881,10,107.3,107.3,11.6,31,1
1881-11-01,1881,11,91.5,91.5,10.7,30,1
1881-12-01,1881,12,78.8,78.8,10.0,31,1
1882-01-01,1882,1,75.0,75.0,9.7,31,1
1882-02-01,1882,2,115.9,115.9,12.1,28,1
1882-03-01,1882,3,111.5,111.5,11.8,31,1
1882-04-01,1882,4,159.6,159.6,14.2,30,1
1882-05-01,1882,5,106.9,106.9,11.6,31,1
1882-06-01,1882,6,75.4,75.4,9.8,30,1
1882-07-01,1882,7,75.7,75.7,9.8,31,1
1882-08-01,1882,8,67.5,67.5,9.2,31,1
1882-09-01,1882,9,96.1,96.1,11.0,30,1
1882-10-01,1882,10,98.6,98.6,11.2,31,1
1882-11-01,1882,11,140.6,140.6,13.3,30,1
1882-12-01,1882,12,69.7,69.7,9.4,31,1
1883-01-01,1883,1,101.0,101.0,11.3,31,1
1883-02-01,1883,2,78.2,78.2,10.0,28,1
1883-03-01,1883,3,71.3,71.3,9.5,31,1
1883-04-01,1883,4,136.8,136.8,13.1,30,1
1883-05-01,1883,5,52.5,52.5,8.1,31,1
1883-06-01,1883,6,127.2,127.2,12.7,30,1
1883-07-01,1883,7,134.4,134.4,13.0,31,1
1883-08-01,1883,8,76.6,76.6,9.8,31,1
1883-09-01,1883,9,87.8,87.8,10.5,30,1
1883-10-01,1883,10,139.6,139.6,13.3,31,1
1883-11-01,1883,11,140.8,140.8,13.3,30,1
1883-12-01,1883,12,126.5,126.5,12.6,31,1
1884-01-01,1884,1,152.6,152.6,13.9,31,1
1884-02-01,1884,2,144.8,144.8,13.5,29,1
1884-03-01,1884,3,145.8,145.8,13.6,31,1
1884-04-01,1884,4,126.9,126.9,12.7,30,1
1884-05-01,1884,5,110.9,110.9,11.8,31,1
1884-06-01,1884,6,85.3,85.3,10.4,30,1
1884-07-01,1884,7,88.5,88.5,10.6,31,1
1884-08-01,1884,8,93.1,93.1,10.8,31,1
1884-09-01,1884,9,103.1,103.1,11.4,30,1
1884-10-01,1884,10,79.6,79.6,10.0,31,1
1884-11-01,1884,11,60.9,60.9,8.8,30,1
1884-12-01,1884,12,78.6,78.6,10.0,31,1
1885-01-01,1885,1,71.4,71.4,9.5,31,1
1885-02-01,1885,2,119.7,119.7,12.3,28,1
1885-03-01,1885,3,82.9,82.9,10.2,31,1
1885-04-01,1885,4,91.7,91.7,10.8,30,1
1885-05-01,1885,5,121.6,121.6,12.4,31,1
1885-06-01,1885,6,139.5,139.5,13.3,30,1
1885-07-01,1885,7,110.9,110.9,11.8,31,1
1885-08-01,1885,8,83.5,83.5,10.3,31,1
1885-09-01,1885,9,66.0,66.0,9.1,30,1
1885-10-01,1885,10,64.5,64.5,9.1,31,1
1885-11-01,1885,11,51.6,51.6,8.1,30,1
1885-12-01,1885,12,36.3,36.3,6.8,31,1
1886-01-01,1886,1,49.8,49.8,8.0,31,1
1886-02-01,1886,2,43.2,43.2,7.4,28,1
1886-03-01,1886,3,95.5,95.5,11.0,31,1
1886-04-01,1886,4,72.9,72.9,9.6,30,1
1886-05-01,1886,5,51.2,51.2,8.0,31,1
1886-06-01,1886,6,45.3,45.3,7.6,30,1
1886-07-01,1886,7,50.4,50.4,8.0,31,1
1886-08-01,1886,8,28.1,28.1,6.0,31,1
1886-09-01,1886,9,35.7,35.7,6.8,30,1
1886-10-01,1886,10,14.4,14.4,4.3,31,1
1886-11-01,1886,11,0.6,0.6,2.1,30,1
1886-12-01,1886,12,21.7,21.7,5.3,31,1
1887-01-01,1887,1,17.0,17.0,4.8,31,1
1887-02-01,1887,2,22.0,22.0,5.4,28,1
1887-03-01,1887,3,7.1,7.1,3.3,31,1
1887-04-01,1887,4,11.6,11.6,4.0,30,1
1887-05-01,1887,5,33.4,33.4,6.5,31,1
1887-06-01,1887,6,26.1,26.1,5.7,30,1
1887-07-01,1887,7,38.9,38.9,7.0,31,1
1887-08-01,1887,8,35.7,35.7,6.8,31,1
1887-09-01,1887,9,12.4,12.4,4.2,30,1
1887-10-01,1887,10,11.0,11.0,3.9,31,1
1887-11-01,1887,11,11.5,11.5,4.0,30,1
1887-12-01,1887,12,34.5,34.5,6.6,31,1
1888-01-01,1888,1,21.2,21.2,5.3,31,1
1888-02-01,1888,2,11.8,11.8,4.1,29,1
1888-03-01,1888,3,13.1,13.1,4.3,31,1
1888-04-01,1888,4,8.5,8.5,3.5,30,1
1888-05-01,1888,5,11.7,11.7,4.1,31,1
1888-06-01,1888,6,11.8,11.8,4.0,30,1
1888-07-01,1888,7,5.0,5.0,2.9,31,1
1888-08-01,1888,8,4.6,4.6,2.9,31,1
1888-09-01,1888,9,14.6,14.6,4.4,30,1
1888-10-01,1888,10,3.4,3.4,2.7,31,1
1888-11-01,1888,11,17.9,17.9,4.8,30,1
1888-12-01,1888,12,11.1,11.1,3.9,31,1
1889-01-01,1889,1,1.3,1.3,2.3,31,1
1889-02-01,1889,2,14.2,14.2,4.5,28,1
1889-03-01,1889,3,11.1,11.1,4.0,31,1
1889-04-01,1889,4,7.3,7.3,3.4,30,1
1889-05-01,1889,5,4.0,4.0,2.8,31,1
1889-06-01,1889,6,10.8,10.8,4.0,30,1
1889-07-01,1889,7,15.8,15.8,4.6,31,1
1889-08-01,1889,8,34.3,34.3,6.7,31,1
1889-09-01,1889,9,10.9,10.9,3.9,30,1
1889-10-01,1889,10,3.4,3.4,2.6,31,1
1889-11-01,1889,11,0.3,0.3,2.0,30,1
1889-12-01,1889,12,11.2,11.2,4.1,31,1
1890-01-01,1890,1,8.8,8.8,3.6,31,1
1890-02-01,1890,2,1.1,1.1,2.2,28,1
1890-03-01,1890,3,8.5,8.5,3.6,31,1
1890-04-01,1890,4,2.7,2.7,2.5,30,1
1890-05-01,1890,5,7.9,7.9,3.5,31,1
1890-06-01,1890,6,2.2,2.2,2.4,30,1
1890-07-01,1890,7,19.3,19.3,5.1,31,1
1890-08-01,1890,8,14.2,14.2,4.4,31,1
1890-09-01,1890,9,28.6,28.6,6.0,30,1
1890-10-01,1890,10,18.6,18.6,5.0,31,1
1890-11-01,1890,11,15.9,15.9,4.7,30,1
1890-12-01,1890,12,13.1,13.1,4.2,31,1
1891-01-01,1891,1,22.5,22.5,5.5,31,1
1891-02-01,1891,2,36.9,36.9,6.9,28,1
1891-03-01,1891,3,17.2,17.2,4.7,31,1
1891-04-01,1891,4,34.2,34.2,6.6,30,1
1891-05-01,1891,5,68.5,68.5,9.3,31,1
1891-06-01,1891,6,80.4,80.4,10.1,30,1
1891-07-01,1891,7,98.0,98.0,11.1,31,1
1891-08-01,1891,8,55.1,55.1,8.3,31,1
1891-09-01,1891,9,89.7,89.7,10.7,30,1
1891-10-01,1891,10,86.0,86.0,10.4,31,1
1891-11-01,1891,11,69.8,69.8,9.4,30,1
1891-12-01,1891,12,54.3,54.3,8.3,31,1
1892-01-01,1892,1,115.2,115.2,12.1,31,1
1892-02-01,1892,2,126.1,126.1,12.6,29,1
1892-03-01,1892,3,83.3,83.3,10.3,31,1
1892-04-01,1892,4,116.0,116.0,12.1,30,1
1892-05-01,1892,5,132.7,132.7,12.9,31,1
1892-06-01,1892,6,127.3,127.3,12.7,30,1
1892-07-01,1892,7,127.6,127.6,12.7,31,1
1892-08-01,1892,8,169.0,169.0,14.6,31,1
1892-09-01,1892,9,104.7,104.7,11.5,30,1
1892-10-01,1892,10,117.5,117.5,12.2,31,1
1892-11-01,1892,11,108.9,108.9,11.7,30,1
1892-12-01,1892,12,131.0,131.0,12.9,31,1
1893-01-01,1893,1,125.0,125.0,10.0,31,1
1893-02-01,1893,2,121.6,121.6,9.8,28,1
1893-03-01,1893,3,109.5,109.5,9.3,31,1
1893-04-01,1893,4,146.8,146.8,10.8,30,1
1893-05-01,1893,5,141.3,141.3,10.6,31,1
1893-06-01,1893,6,149.8,149.8,10.9,30,1
1893-07-01,1893,7,147.6,147.6,10.9,31,1
1893-08-01,1893,8,215.4,215.4,13.1,31,1
1893-09-01,1893,9,129.9,129.9,10.2,30,1
1893-10-01,1893,10,133.3,133.3,10.3,31,1
1893-11-01,1893,11,125.2,125.2,10.0,30,1
1893-12-01,1893,12,156.4,156.4,11.2,31,1
1894-01-01,1894,1,138.6,138.6,10.5,31,1
1894-02-01,1894,2,141.0,141.0,10.6,28,1
1894-03-01,1894,3,87.1,87.1,8.3,31,1
1894-04-01,1894,4,136.0,136.0,10.4,30,1
1894-05-01,1894,5,168.7,168.7,11.6,31,1
1894-06-01,1894,6,164.8,164.8,11.5,30,1
1894-07-01,1894,7,176.7,176.7,11.9,31,1
1894-08-01,1894,8,117.1,117.1,9.6,31,1
1894-09-01,1894,9,110.0,110.0,9.4,30,1
1894-10-01,1894,10,125.7,125.7,10.0,31,1
1894-11-01,1894,11,94.3,94.3,8.7,30,1
1894-12-01,1894,12,100.1,100.1,8.9,31,1
1895-01-01,1895,1,105.4,105.4,9.2,31,1
1895-02-01,1895,2,112.0,112.0,9.4,28,1
1895-03-01,1895,3,101.6,101.6,9.0,31,1
1895-04-01,1895,4,128.2,128.2,10.1,30,1
1895-05-01,1895,5,112.5,112.5,9.4,31,1
1895-06-01,1895,6,119.1,119.1,9.7,30,1
1895-07-01,1895,7,79.7,79.7,8.0,31,1
1895-08-01,1895,8,114.9,114.9,9.6,31,1
1895-09-01,1895,9,96.1,96.1,8.8,30,1
1895-10-01,1895,10,113.2,113.2,9.5,31,1
1895-11-01,1895,11,78.6,78.6,7.9,30,1
1895-12-01,1895,12,117.9,117.9,9.7,31,1
1896-01-01,1896,1,48.4,48.4,6.2,31,1
1896-02-01,1896,2,95.7,95.7,8.7,29,1
1896-03-01,1896,3,86.5,86.5,8.3,31,1
1896-04-01,1896,4,73.0,73.0,7.6,30,1
1896-05-01,1896,5,46.1,46.1,6.1,31,1
1896-06-01,1896,6,81.7,81.7,8.1,30,1
1896-07-01,1896,7,75.2,75.2,7.7,31,1
1896-08-01,1896,8,45.4,45.4,6.0,31,1
1896-09-01,1896,9,102.2,102.2,9.0,30,1
1896-10-01,1896,10,47.9,47.9,6.2,31,1
1896-11-01,1896,11,63.3,63.3,7.1,30,1
1896-12-01,1896,12,71.0,71.0,7.5,31,1
1897-01-01,1897,1,67.6,67.6,7.3,31,1
1897-02-01,1897,2,49.0,49.0,6.2,28,1
1897-03-01,1897,3,48.7,48.7,6.2,31,1
1897-04-01,1897,4,51.7,51.7,6.4,30,1
1897-05-01,1897,5,33.3,33.3,5.2,31,1
1897-06-01,1897,6,18.9,18.9,4.0,30,1
1897-07-01,1897,7,46.1,46.1,6.1,31,1
1897-08-01,1897,8,36.4,36.4,5.4,31,1
1897-09-01,1897,9,80.4,80.4,8.0,30,1
1897-10-01,1897,10,23.9,23.9,4.5,31,1
1897-11-01,1897,11,14.0,14.0,3.5,30,1
1897-12-01,1897,12,55.5,55.5,6.7,31,1
1898-01-01,1898,1,50.4,50.4,6.3,31,1
1898-02-01,1898,2,60.7,60.7,7.0,28,1
1898-03-01,1898,3,63.9,63.9,7.2,31,1
1898-04-01,1898,4,24.2,24.2,4.5,30,1
1898-05-01,1898,5,43.0,43.0,5.9,31,1
1898-06-01,1898,6,37.1,37.1,5.4,30,1
1898-07-01,1898,7,15.0,15.0,3.7,31,1
1898-08-01,1898,8,52.3,52.3,6.5,31,1
1898-09-01,1898,9,58.1,58.1,6.8,30,1
1898-10-01,1898,10,57.1,57.1,6.8,31,1
1898-11-01,1898,11,51.6,51.6,6.4,30,1
1898-12-01,1898,12,21.1,21.1,4.2,31,1
1899-01-01,1899,1,32.4,32.4,5.1,31,1
1899-02-01,1899,2,15.3,15.3,3.7,28,1
1899-03-01,1899,3,30.3,30.3,5.0,31,1
1899-04-01,1899,4,23.6,23.6,4.4,30,1
1899-05-01,1899,5,12.9,12.9,3.3,31,1
1899-06-01,1899,6,34.1,34.1,5.2,30,1
1899-07-01,1899,7,22.5,22.5,4.4,31,1
1899-08-01,1899,8,4.9,4.9,2.6,31,1
1899-09-01,1899,9,14.0,14.0,3.5,30,1
1899-10-01,1899,10,21.7,21.7,4.4,31,1
1899-11-01,1899,11,13.0,13.0,3.4,30,1
1899-12-01,1899,12,17.6,17.6,3.9,31,1
1900-01-01,1900,1,15.7,15.7,3.7,31,1
1900-02-01,1900,2,22.8,22.8,4.5,28,1
1900-03-01,1900,3,14.4,14.4,3.6,31,1
1900-04-01,1900,4,26.8,26.8,4.6,30,1
1900-05-01,1900,5,25.3,25.3,4.6,31,1
1900-06-01,1900,6,20.1,20.1,4.2,30,1
1900-07-01,1900,7,13.9,13.9,3.6,31,1
1900-08-01,1900,8,7.1,7.1,2.9,31,1
1900-09-01,1900,9,13.9,13.9,3.6,30,1
1900-10-01,1900,10,21.6,21.6,4.3,31,1
1900-11-01,1900,11,7.5,7.5,2.9,30,1
1900-12-01,1900,12,0.5,0.5,2.0,31,1
1901-01-01,1901,1,0.4,0.4,2.0,31,1
1901-02-01,1901,2,4.0,4.0,2.4,28,1
1901-03-01,1901,3,7.4,7.4,3.0,31,1
1901-04-01,1901,4,0.0,0.0,2.0,30,1
1901-05-01,1901,5,17.0,17.0,4.0,31,1
1901-06-01,1901,6,9.7,9.7,3.1,30,1
1901-07-01,1901,7,1.2,1.2,2.1,31,1
1901-08-01,1901,8,1.7,1.7,2.2,31,1
1901-09-01,1901,9,0.9,0.9,2.1,30,1
1901-10-01,1901,10,6.3,6.3,2.8,31,1
1901-11-01,1901,11,6.4,6.4,2.7,30,1
1901-12-01,1901,12,0.0,0.0,2.0,31,1
1902-01-01,1902,1,9.3,9.3,3.2,31,1
1902-02-01,1902,2,0.0,0.0,2.0,28,1
1902-03-01,1902,3,20.7,20.7,4.3,31,1
1902-04-01,1902,4,0.0,0.0,2.0,30,1
1902-05-01,1902,5,4.7,4.7,2.5,31,1
1902-06-01,1902,6,2.4,2.4,2.3,30,1
1902-07-01,1902,7,1.5,1.5,2.2,31,1
1902-08-01,1902,8,3.8,3.8,2.4,31,1
1902-09-01,1902,9,12.6,12.6,3.5,30,1
1902-10-01,1902,10,27.2,27.2,4.7,31,1
1902-11-01,1902,11,17.2,17.2,4.0,30,1
1902-12-01,1902,12,1.8,1.8,2.2,31,1
1903-01-01,1903,1,13.9,13.9,3.5,31,1
1903-02-01,1903,2,28.4,28.4,4.8,28,1
1903-03-01,1903,3,22.5,22.5,4.4,31,1
1903-04-01,1903,4,43.5,43.5,5.9,30,1
1903-05-01,1903,5,24.3,24.3,4.5,31,1
1903-06-01,1903,6,27.2,27.2,4.7,30,1
1903-07-01,1903,7,46.4,46.4,6.1,31,1
1903-08-01,1903,8,48.0,48.0,6.2,31,1
1903-09-01,1903,9,18.5,18.5,4.0,30,1
1903-10-01,1903,10,64.8,64.8,7.2,31,1
1903-11-01,1903,11,74.2,74.2,7.7,30,1
1903-12-01,1903,12,76.2,76.2,7.8,31,1
1904-01-01,1904,1,52.6,52.6,6.5,31,1
1904-02-01,1904,2,40.8,40.8,5.7,29,1
1904-03-01,1904,3,61.9,61.9,7.0,31,1
1904-04-01,1904,4,71.6,71.6,7.6,30,1
1904-05-01,1904,5,65.7,65.7,7.2,31,1
1904-06-01,1904,6,69.8,69.8,7.5,30,1
1904-07-01,1904,7,84.3,84.3,8.2,31,1
1904-08-01,1904,8,97.1,97.1,8.8,31,1
1904-09-01,1904,9,50.2,50.2,6.3,30,1
1904-10-01,1904,10,90.4,90.4,8.5,31,1
1904-11-01,1904,11,63.4,63.4,7.1,30,1
1904-12-01,1904,12,91.1,91.1,8.5,31,1
1905-01-01,1905,1,91.2,91.2,8.5,31,1
1905-02-01,1905,2,143.0,143.0,10.7,28,1
1905-03-01,1905,3,94.3,94.3,8.7,31,1
1905-04-01,1905,4,65.5,65.5,7.2,30,1
1905-05-01,1905,5,79.9,79.9,8.0,31,1
1905-06-01,1905,6,81.6,81.6,8.1,30,1
1905-07-01,1905,7,121.6,121.6,9.8,31,1
1905-08-01,1905,8,98.1,98.1,8.8,31,1
1905-09-01,1905,9,91.8,91.8,8.5,30,1
1905-10-01,1905,10,131.2,131.2,10.2,31,1
1905-11-01,1905,11,178.7,178.7,11.9,30,1
1905-12-01,1905,12,92.5,92.5,8.6,31,1
1906-01-01,1906,1,75.8,75.8,7.8,31,1
1906-02-01,1906,2,52.3,52.3,6.5,28,1
1906-03-01,1906,3,107.4,107.4,9.2,31,1
1906-04-01,1906,4,92.2,92.2,8.6,30,1
1906-05-01,1906,5,96.2,96.2,8.7,31,1
1906-06-01,1906,6,105.3,105.3,9.2,30,1
1906-07-01,1906,7,172.7,172.7,11.7,31,1
1906-08-01,1906,8,79.6,79.6,8.0,31,1
1906-09-01,1906,9,93.5,93.5,8.6,30,1
1906-10-01,1906,10,29.7,29.7,4.9,31,1
1906-11-01,1906,11,64.8,64.8,7.2,30,1
1906-12-01,1906,12,108.0,108.0,9.3,31,1
1907-01-01,1907,1,127.4,127.4,10.1,31,1
1907-02-01,1907,2,180.3,180.3,12.0,28,1
1907-03-01,1907,3,101.1,101.1,9.0,31,1
1907-04-01,1907,4,87.6,87.6,8.4,30,1
1907-05-01,1907,5,71.4,71.4,7.5,31,1
1907-06-01,1907,6,67.2,67.2,7.3,30,1
1907-07-01,1907,7,82.9,82.9,8.1,31,1
1907-08-01,1907,8,90.5,90.5,8.5,31,1
1907-09-01,1907,9,141.7,141.7,10.6,30,1
1907-10-01,1907,10,109.1,109.1,9.3,31,1
1907-11-01,1907,11,102.5,102.5,9.0,30,1
1907-12-01,1907,12,78.9,78.9,7.9,31,1
1908-01-01,1908,1,65.4,65.4,7.2,31,1
1908-02-01,1908,2,56.6,56.6,6.7,29,1
1908-03-01,1908,3,47.9,47.9,6.2,31,1
1908-04-01,1908,4,96.1,96.1,8.7,30,1
1908-05-01,1908,5,68.0,68.0,7.4,31,1
1908-06-01,1908,6,80.2,80.2,8.0,30,1
1908-07-01,1908,7,65.8,65.8,7.2,31,1
1908-08-01,1908,8,150.9,150.9,11.0,31,1
1908-09-01,1908,9,144.9,144.9,10.7,30,1
1908-10-01,1908,10,53.9,53.9,6.6,31,1
1908-11-01,1908,11,75.9,75.9,7.8,30,1
1908-12-01,1908,12,65.9,65.9,7.2,31,1
1909-01-01,1909,1,94.6,94.6,8.7,31,1
1909-02-01,1909,2,77.6,77.6,7.9,28,1
1909-03-01,1909,3,110.5,110.5,9.4,31,1
1909-04-01,1909,4,53.7,53.7,6.5,30,1
1909-05-01,1909,5,60.0,60.0,6.9,31,1
1909-06-01,1909,6,37.8,37.8,5.5,30,1
1909-07-01,1909,7,59.6,59.6,6.9,31,1
1909-08-01,1909,8,38.5,38.5,5.5,31,1
1909-09-01,1909,9,64.7,64.7,7.2,30,1
1909-10-01,1909,10,97.4,97.4,8.8,31,1
1909-11-01,1909,11,93.0,93.0,8.6,30,1
1909-12-01,1909,12,90.2,90.2,8.5,31,1
1910-01-01,1910,1,44.0,44.0,5.9,31,1
1910-02-01,1910,2,52.5,52.5,6.5,28,1
1910-03-01,1910,3,35.7,35.7,5.3,31,1
1910-04-01,1910,4,14.1,14.1,3.5,30,1
1910-05-01,1910,5,36.9,36.9,5.4,31,1
1910-06-01,1910,6,20.5,20.5,4.1,30,1
1910-07-01,1910,7,23.5,23.5,4.4,31,1
1910-08-01,1910,8,19.3,19.3,4.1,31,1
1910-09-01,1910,9,43.7,43.7,5.9,30,1
1910-10-01,1910,10,63.9,63.9,7.1,31,1
1910-11-01,1910,11,8.3,8.3,3.0,30,1
1910-12-01,1910,12,9.6,9.6,3.1,31,1
1911-01-01,1911,1,5.6,5.6,2.6,31,1
1911-02-01,1911,2,15.0,15.0,3.7,28,1
1911-03-01,1911,3,13.0,13.0,3.5,31,1
1911-04-01,1911,4,27.6,27.6,4.7,30,1
1911-05-01,1911,5,15.1,15.1,3.7,31,1
1911-06-01,1911,6,3.7,3.7,2.4,30,1
1911-07-01,1911,7,5.9,5.9,2.7,31,1
1911-08-01,1911,8,6.7,6.7,2.7,31,1
1911-09-01,1911,9,6.7,6.7,2.8,30,1
1911-10-01,1911,10,4.5,4.5,2.5,31,1
1911-11-01,1911,11,7.0,7.0,2.7,30,1
1911-12-01,1911,12,3.7,3.7,2.4,31,1
1912-01-01,1912,1,0.4,0.4,2.1,31,1
1912-02-01,1912,2,0.0,0.0,2.0,29,1
1912-03-01,1912,3,8.2,8.2,2.9,31,1
1912-04-01,1912,4,7.6,7.6,3.0,30,1
1912-05-01,1912,5,7.4,7.4,2.8,31,1
1912-06-01,1912,6,6.9,6.9,2.7,30,1
1912-07-01,1912,7,4.9,4.9,2.6,31,1
1912-08-01,1912,8,0.5,0.5,2.1,31,1
1912-09-01,1912,9,15.9,15.9,3.7,30,1
1912-10-01,1912,10,7.6,7.6,3.0,31,1
1912-11-01,1912,11,1.9,1.9,2.3,30,1
1912-12-01,1912,12,10.6,10.6,3.3,31,1
1913-01-01,1913,1,3.8,3.8,2.4,31,1
1913-02-01,1913,2,4.8,4.8,2.6,28,1
1913-03-01,1913,3,0.8,0.8,2.1,31,1
1913-04-01,1913,4,1.6,1.6,2.2,30,1
1913-05-01,1913,5,0.0,0.0,2.0,31,1
1913-06-01,1913,6,0.0,0.0,2.0,30,1
1913-07-01,1913,7,2.9,2.9,2.4,31,1
1913-08-01,1913,8,0.4,0.4,2.0,31,1
1913-09-01,1913,9,2.0,2.0,2.3,30,1
1913-10-01,1913,10,5.2,5.2,2.6,31,1
1913-11-01,1913,11,1.2,1.2,2.1,30,1
1913-12-01,1913,12,6.3,6.3,2.8,31,1
1914-01-01,1914,1,4.7,4.7,2.6,31,1
1914-02-01,1914,2,4.4,4.4,2.5,28,1
1914-03-01,1914,3,5.3,5.3,2.6,31,1
1914-04-01,1914,4,28.9,28.9,4.8,30,1
1914-05-01,1914,5,8.7,8.7,3.1,31,1
1914-06-01,1914,6,19.1,19.1,4.1,30,1
1914-07-01,1914,7,9.1,9.1,3.0,31,1
1914-08-01,1914,8,12.9,12.9,3.5,31,1
1914-09-01,1914,9,21.2,21.2,4.2,30,1
1914-10-01,1914,10,13.7,13.7,3.5,31,1
1914-11-01,1914,11,27.3,27.3,4.7,30,1
1914-12-01,1914,12,37.3,37.3,5.4,31,1
1915-01-01,1915,1,38.5,38.5,5.5,31,1
1915-02-01,1915,2,70.4,70.4,7.5,28,1
1915-03-01,1915,3,64.8,64.8,7.2,31,1
1915-04-01,1915,4,68.9,68.9,7.4,30,1
1915-05-01,1915,5,55.1,55.1,6.7,31,1
1915-06-01,1915,6,114.7,114.7,9.5,30,1
1915-07-01,1915,7,119.4,119.4,9.7,31,1
1915-08-01,1915,8,116.0,116.0,9.6,31,1
1915-09-01,1915,9,82.4,82.4,8.1,30,1
1915-10-01,1915,10,89.1,89.1,8.4,31,1
1915-11-01,1915,11,70.9,70.9,7.5,30,1
1915-12-01,1915,12,57.5,57.5,6.8,31,1
1916-01-01,1916,1,75.5,75.5,7.8,31,1
1916-02-01,1916,2,92.4,92.4,8.6,29,1
1916-03-01,1916,3,111.7,111.7,9.4,31,1
1916-04-01,1916,4,119.8,119.8,9.8,30,1
1916-05-01,1916,5,124.0,124.0,9.9,31,1
1916-06-01,1916,6,112.9,112.9,9.5,30,1
1916-07-01,1916,7,89.3,89.3,8.4,31,1
1916-08-01,1916,8,58.6,58.6,6.9,31,1
1916-09-01,1916,9,75.1,75.1,7.7,30,1
1916-10-01,1916,10,84.5,84.5,8.2,31,1
1916-11-01,1916,11,109.5,109.5,9.3,30,1
1916-12-01,1916,12,88.3,88.3,8.4,31,1
1917-01-01,1917,1,124.5,124.5,10.0,31,1
1917-02-01,1917,2,119.9,119.9,9.8,28,1
1917-03-01,1917,3,158.0,158.0,11.2,31,1
1917-04-01,1917,4,124.6,124.6,10.0,30,1
1917-05-01,1917,5,190.2,190.2,12.3,31,1
1917-06-01,1917,6,191.4,191.4,12.3,30,1
1917-07-01,1917,7,199.7,199.7,12.6,31,1
1917-08-01,1917,8,257.7,257.7,14.3,31,1
1917-09-01,1917,9,215.6,215.6,13.1,30,1
1917-10-01,1917,10,120.3,120.3,9.8,31,1
1917-11-01,1917,11,160.7,160.7,11.3,30,1
1917-12-01,1917,12,215.5,215.5,13.1,31,1
1918-01-01,1918,1,160.0,160.0,11.3,31,1
1918-02-01,1918,2,108.7,108.7,9.3,28,1
1918-03-01,1918,3,120.4,120.4,9.8,31,1
1918-04-01,1918,4,134.1,134.1,10.3,30,1
1918-05-01,1918,5,127.9,127.9,10.1,31,1
1918-06-01,1918,6,99.0,99.0,8.9,30,1
1918-07-01,1918,7,179.5,179.5,11.9,31,1
1918-08-01,1918,8,169.6,169.6,11.6,31,1
1918-09-01,1918,9,133.2,133.2,10.3,30,1
1918-10-01,1918,10,141.7,141.7,10.6,31,1
1918-11-01,1918,11,139.0,139.0,10.5,30,1
1918-12-01,1918,12,98.5,98.5,8.9,31,1
1919-01-01,1919,1,80.2,80.2,8.0,31,1
1919-02-01,1919,2,132.5,132.5,10.3,28,1
1919-03-01,1919,3,110.9,110.9,9.4,31,1
1919-04-01,1919,4,86.3,86.3,8.3,30,1
1919-05-01,1919,5,146.9,146.9,10.8,31,1
1919-06-01,1919,6,185.3,185.3,12.1,30,1
1919-07-01,1919,7,107.8,107.8,9.3,31,1
1919-08-01,1919,8,115.1,115.1,9.6,31,1
1919-09-01,1919,9,91.1,91.1,8.5,30,1
1919-10-01,1919,10,88.0,88.0,8.4,31,1
1919-11-01,1919,11,69.9,69.9,7.5,30,1
1919-12-01,1919,12,58.0,58.0,6.8,31,1
1920-01-01,1920,1,85.3,85.3,8.2,31,1
1920-02-01,1920,2,89.8,89.8,8.5,29,1
1920-03-01,1920,3,116.9,116.9,9.6,31,1
1920-04-01,1920,4,24.7,24.7,4.5,30,1
1920-05-01,1920,5,55.4,55.4,6.6,31,1
1920-06-01,1920,6,64.6,64.6,7.2,30,1
1920-07-01,1920,7,45.7,45.7,6.0,31,1
1920-08-01,1920,8,31.9,31.9,5.1,31,1
1920-09-01,1920,9,60.5,60.5,7.0,30,1
1920-10-01,1920,10,82.7,82.7,8.1,31,1
1920-11-01,1920,11,45.3,45.3,6.0,30,1
1920-12-01,1920,12,49.8,49.8,6.3,31,1
1921-01-01,1921,1,52.5,52.5,6.5,31,1
1921-02-01,1921,2,47.1,47.1,6.1,28,1
1921-03-01,1921,3,44.5,44.5,6.0,31,1
1921-04-01,1921,4,54.0,54.0,6.6,30,1
1921-05-01,1921,5,37.0,37.0,5.5,31,1
1921-06-01,1921,6,56.2,56.2,6.7,30,1
1921-07-01,1921,7,69.7,69.7,7.4,31,1
1921-08-01,1921,8,38.0,38.0,5.5,31,1
1921-09-01,1921,9,29.6,29.6,4.9,30,1
1921-10-01,1921,10,30.3,30.3,5.0,31,1
1921-11-01,1921,11,29.6,29.6,5.0,30,1
1921-12-01,1921,12,33.9,33.9,5.3,31,1
1922-01-01,1922,1,19.7,19.7,4.1,31,1
1922-02-01,1922,2,43.9,43.9,6.0,28,1
1922-03-01,1922,3,91.3,91.3,8.5,31,1
1922-04-01,1922,4,18.3,18.3,4.0,30,1
1922-05-01,1922,5,13.4,13.4,3.5,31,1
1922-06-01,1922,6,9.8,9.8,3.1,30,1
1922-07-01,1922,7,18.3,18.3,4.0,31,1
1922-08-01,1922,8,10.9,10.9,3.3,31,1
1922-09-01,1922,9,7.8,7.8,2.8,30,1
1922-10-01,1922,10,10.4,10.4,3.2,31,1
1922-11-01,1922,11,12.2,12.2,3.3,30,1
1922-12-01,1922,12,29.0,29.0,5.0,31,1
1923-01-01,1923,1,7.5,7.5,3.0,31,1
1923-02-01,1923,2,2.5,2.5,2.3,28,1
1923-03-01,1923,3,5.5,5.5,2.6,31,1
1923-04-01,1923,4,10.2,10.2,3.1,30,1
1923-05-01,1923,5,5.3,5.3,2.6,31,1
1923-06-01,1923,6,15.3,15.3,3.7,30,1
1923-07-01,1923,7,5.9,5.9,2.7,31,1
1923-08-01,1923,8,0.8,0.8,2.1,31,1
1923-09-01,1923,9,22.1,22.1,4.2,30,1
1923-10-01,1923,10,19.5,19.5,4.0,31,1
1923-11-01,1923,11,16.7,16.7,3.8,30,1
1923-12-01,1923,12,4.6,4.6,2.6,31,1
1924-01-01,1924,1,0.8,0.8,2.1,31,1
1924-02-01,1924,2,8.5,8.5,3.1,29,1
1924-03-01,1924,3,3.0,3.0,2.4,31,1
1924-04-01,1924,4,18.9,18.9,4.2,30,1
1924-05-01,1924,5,34.6,34.6,5.3,31,1
1924-06-01,1924,6,40.0,40.0,5.6,30,1
1924-07-01,1924,7,46.9,46.9,6.1,31,1
1924-08-01,1924,8,32.1,32.1,5.1,31,1
1924-09-01,1924,9,41.9,41.9,5.8,30,1
1924-10-01,1924,10,42.6,42.6,5.8,31,1
1924-11-01,1924,11,37.5,37.5,5.6,30,1
1924-12-01,1924,12,27.5,27.5,4.8,31,1
1925-01-01,1925,1,9.1,9.1,3.1,31,1
1925-02-01,1925,2,38.6,38.6,5.6,28,1
1925-03-01,1925,3,30.0,30.0,5.0,31,1
1925-04-01,1925,4,53.0,53.0,6.5,30,1
1925-05-01,1925,5,71.4,71.4,7.5,31,1
1925-06-01,1925,6,79.1,79.1,7.9,30,1
1925-07-01,1925,7,64.2,64.2,7.2,31,1
1925-08-01,1925,8,63.3,63.3,7.1,31,1
1925-09-01,1925,9,100.3,100.3,8.9,30,1
1925-10-01,1925,10,115.3,115.3,9.6,31,1
1925-11-01,1925,11,97.6,97.6,8.8,30,1
1925-12-01,1925,12,164.4,164.4,11.4,31,1
1926-01-01,1926,1,119.7,119.7,9.8,31,1
1926-02-01,1926,2,116.4,116.4,9.6,28,1
1926-03-01,1926,3,104.2,104.2,9.1,31,1
1926-04-01,1926,4,64.2,64.2,7.2,30,1
1926-05-01,1926,5,107.0,107.0,9.2,31,1
1926-06-01,1926,6,122.4,122.4,9.9,30,1
1926-07-01,1926,7,87.2,87.2,8.3,31,1
1926-08-01,1926,8,102.7,102.7,9.0,31,1
1926-09-01,1926,9,101.4,101.4,9.0,30,1
1926-10-01,1926,10,119.3,119.3,9.7,31,1
1926-11-01,1926,11,100.8,100.8,9.0,30,1
1926-12-01,1926,12,132.4,132.4,10.3,31,1
1927-01-01,1927,1,136.0,136.0,10.4,31,1
1927-02-01,1927,2,155.1,155.1,11.1,28,1
1927-03-01,1927,3,116.1,116.1,9.6,31,1
1927-04-01,1927,4,155.8,155.8,11.1,30,1
1927-05-01,1927,5,131.9,131.9,10.2,31,1
1927-06-01,1927,6,98.5,98.5,8.8,30,1
1927-07-01,1927,7,91.6,91.6,8.5,31,1
1927-08-01,1927,8,89.6,89.6,8.4,31,1
1927-09-01,1927,9,114.1,114.1,9.5,30,1
1927-10-01,1927,10,105.2,105.2,9.1,31,1
1927-11-01,1927,11,112.1,112.1,9.4,30,1
1927-12-01,1927,12,75.3,75.3,7.7,31,1
1928-01-01,1928,1,139.2,139.2,10.5,31,1
1928-02-01,1928,2,122.4,122.4,9.9,29,1
1928-03-01,1928,3,142.4,142.4,10.7,31,1
1928-04-01,1928,4,134.3,134.3,10.3,30,1
1928-05-01,1928,5,128.3,128.3,10.1,31,1
1928-06-01,1928,6,152.4,152.4,11.0,30,1
1928-07-01,1928,7,163.4,163.4,11.4,31,1
1928-08-01,1928,8,139.6,139.6,10.5,31,1
1928-09-01,1928,9,149.6,149.6,10.9,30,1
1928-10-01,1928,10,102.3,102.3,9.0,31,1
1928-11-01,1928,11,83.9,83.9,8.2,30,1
1928-12-01,1928,12,98.3,98.3,8.8,31,1
1929-01-01,1929,1,114.8,114.8,9.6,31,1
1929-02-01,1929,2,104.7,104.7,9.1,28,1
1929-03-01,1929,3,83.8,83.8,8.2,31,1
1929-04-01,1929,4,87.9,87.9,8.4,30,1
1929-05-01,1929,5,97.0,97.0,8.8,31,1
1929-06-01,1929,6,119.9,119.9,9.8,30,1
1929-07-01,1929,7,117.1,117.1,9.6,31,1
1929-08-01,1929,8,109.6,109.6,9.3,31,1
1929-09-01,1929,9,57.3,57.3,6.8,30,1
1929-10-01,1929,10,90.1,90.1,8.5,31,1
1929-11-01,1929,11,135.1,135.1,10.4,30,1
1929-12-01,1929,12,179.9,179.9,12.0,31,1
1930-01-01,1930,1,108.8,108.8,9.3,31,1
1930-02-01,1930,2,83.1,83.1,8.1,28,1
1930-03-01,1930,3,58.4,58.4,6.8,31,1
1930-04-01,1930,4,63.7,63.7,7.1,30,1
1930-05-01,1930,5,61.4,61.4,7.0,31,1
1930-06-01,1930,6,48.0,48.0,6.2,30,1
1930-07-01,1930,7,36.5,36.5,5.4,31,1
1930-08-01,1930,8,41.5,41.5,5.7,31,1
1930-09-01,1930,9,53.5,53.5,6.5,30,1
1930-10-01,1930,10,57.2,57.2,6.8,31,1
1930-11-01,1930,11,59.4,59.4,6.9,30,1
1930-12-01,1930,12,43.0,43.0,5.9,31,1
1931-01-01,1931,1,24.4,24.4,4.5,31,1
1931-02-01,1931,2,71.8,71.8,7.6,28,1
1931-03-01,1931,3,50.1,50.1,6.3,31,1
1931-04-01,1931,4,52.0,52.0,6.4,30,1
1931-05-01,1931,5,40.8,40.8,5.7,31,1
1931-06-01,1931,6,25.5,25.5,4.7,30,1
1931-07-01,1931,7,29.0,29.0,4.8,31,1
1931-08-01,1931,8,21.6,21.6,4.3,31,1
1931-09-01,1931,9,31.7,31.7,5.0,30,1
1931-10-01,1931,10,16.6,16.6,3.7,31,1
1931-11-01,1931,11,31.2,31.2,5.1,30,1
1931-12-01,1931,12,29.7,29.7,4.9,31,1
1932-01-01,1932,1,20.1,20.1,4.1,31,1
1932-02-01,1932,2,17.6,17.6,3.9,29,1
1932-03-01,1932,3,18.8,18.8,4.0,31,1
1932-04-01,1932,4,18.7,18.7,4.1,30,1
1932-05-01,1932,5,29.7,29.7,4.9,31,1
1932-06-01,1932,6,36.9,36.9,5.4,30,1
1932-07-01,1932,7,16.0,16.0,3.8,31,1
1932-08-01,1932,8,11.3,11.3,3.3,31,1
1932-09-01,1932,9,6.6,6.6,2.7,30,1
1932-10-01,1932,10,14.8,14.8,3.5,31,1
1932-11-01,1932,11,13.7,13.7,3.5,30,1
1932-12-01,1932,12,18.5,18.5,3.9,31,1
1933-01-01,1933,1,20.4,20.4,4.2,31,1
1933-02-01,1933,2,36.9,36.9,5.6,28,1
1933-03-01,1933,3,16.8,16.8,3.8,31,1
1933-04-01,1933,4,4.9,4.9,2.6,30,1
1933-05-01,1933,5,5.3,5.3,2.6,31,1
1933-06-01,1933,6,8.7,8.7,3.0,30,1
1933-07-01,1933,7,4.7,4.7,2.6,31,1
1933-08-01,1933,8,0.4,0.4,2.0,31,1
1933-09-01,1933,9,8.5,8.5,3.0,30,1
1933-10-01,1933,10,5.0,5.0,2.6,31,1
1933-11-01,1933,11,1.0,1.0,2.1,30,1
1933-12-01,1933,12,0.4,0.4,2.1,31,1
1934-01-01,1934,1,5.7,5.7,2.7,31,1
1934-02-01,1934,2,12.9,12.9,3.4,28,1
1934-03-01,1934,3,7.2,7.2,2.8,31,1
1934-04-01,1934,4,18.8,18.8,4.0,30,1
1934-05-01,1934,5,32.9,32.9,5.2,31,1
1934-06-01,1934,6,11.2,11.2,3.3,30,1
1934-07-01,1934,7,15.3,15.3,3.7,31,1
1934-08-01,1934,8,13.9,13.9,3.6,31,1
1934-09-01,1934,9,6.7,6.7,2.8,30,1
1934-10-01,1934,10,9.5,9.5,3.0,31,1
1934-11-01,1934,11,14.5,14.5,3.6,30,1
1934-12-01,1934,12,25.7,25.7,4.7,31,1
1935-01-01,1935,1,31.1,31.1,5.0,31,1
1935-02-01,1935,2,34.1,34.1,5.2,28,1
1935-03-01,1935,3,38.5,38.5,5.6,31,1
1935-04-01,1935,4,20.4,20.4,4.2,30,1
1935-05-01,1935,5,45.4,45.4,6.1,31,1
1935-06-01,1935,6,76.2,76.2,7.8,30,1
1935-07-01,1935,7,56.5,56.5,6.7,31,1
1935-08-01,1935,8,50.2,50.2,6.3,31,1
1935-09-01,1935,9,70.1,70.1,7.5,30,1
1935-10-01,1935,10,88.7,88.7,8.4,31,1
1935-11-01,1935,11,107.0,107.0,9.2,30,1
1935-12-01,1935,12,102.5,102.5,9.0,31,1
1936-01-01,1936,1,104.7,104.7,9.1,31,1
1936-02-01,1936,2,123.9,123.9,9.9,29,1
1936-03-01,1936,3,128.4,128.4,10.1,31,1
1936-04-01,1936,4,124.8,124.8,10.0,30,1
1936-05-01,1936,5,90.9,90.9,8.5,31,1
1936-06-01,1936,6,116.7,116.7,9.6,30,1
1936-07-01,1936,7,87.2,87.2,8.3,31,1
1936-08-01,1936,8,145.0,145.0,10.7,31,1
1936-09-01,1936,9,126.7,126.7,10.0,30,1
1936-10-01,1936,10,148.2,148.2,10.9,31,1
1936-11-01,1936,11,192.3,192.3,12.4,30,1
1936-12-01,1936,12,205.6,205.6,12.8,31,1
1937-01-01,1937,1,220.9,220.9,13.3,31,1
1937-02-01,1937,2,214.1,214.1,13.0,28,1
1937-03-01,1937,3,139.7,139.7,10.5,31,1
1937-04-01,1937,4,182.2,182.2,12.0,30,1
1937-05-01,1937,5,194.4,194.4,12.4,31,1
1937-06-01,1937,6,217.1,217.1,13.1,30,1
1937-07-01,1937,7,241.8,241.8,13.9,31,1
1937-08-01,1937,8,229.5,229.5,13.5,31,1
1937-09-01,1937,9,167.9,167.9,11.6,30,1
1937-10-01,1937,10,208.2,208.2,12.9,31,1
1937-11-01,1937,11,123.9,123.9,9.9,30,1
1937-12-01,1937,12,147.9,147.9,10.8,31,1
1938-01-01,1938,1,164.0,164.0,11.4,31,1
1938-02-01,1938,2,198.6,198.6,12.6,28,1
1938-03-01,1938,3,144.2,144.2,10.7,31,1
1938-04-01,1938,4,168.4,168.4,11.6,30,1
1938-05-01,1938,5,212.3,212.3,13.0,31,1
1938-06-01,1938,6,162.6,162.6,11.4,30,1
1938-07-01,1938,7,275.6,275.6,14.8,31,1
1938-08-01,1938,8,192.8,192.8,12.4,31,1
1938-09-01,1938,9,149.3,149.3,10.9,30,1
1938-10-01,1938,10,165.3,165.3,11.5,31,1
1938-11-01,1938,11,203.6,203.6,12.7,30,1
1938-12-01,1938,12,154.7,154.7,11.1,31,1
1939-01-01,1939,1,133.9,133.9,10.3,31,1
1939-02-01,1939,2,129.0,129.0,10.1,28,1
1939-03-01,1939,3,107.8,107.8,9.3,31,1
1939-04-01,1939,4,181.9,181.9,12.0,30,1
1939-05-01,1939,5,197.3,197.3,12.5,31,1
1939-06-01,1939,6,168.3,168.3,11.6,30,1
1939-07-01,1939,7,162.6,162.6,11.4,31,1
1939-08-01,1939,8,176.3,176.3,11.8,31,1
1939-09-01,1939,9,187.7,187.7,12.2,30,1
1939-10-01,1939,10,146.9,146.9,10.8,31,1
1939-11-01,1939,11,113.7,113.7,9.5,30,1
1939-12-01,1939,12,70.2,70.2,7.5,31,1
1940-01-01,1940,1,84.1,84.1,8.2,31,1
1940-02-01,1940,2,99.1,99.1,8.9,29,1
1940-03-01,1940,3,138.9,138.9,10.5,31,1
1940-04-01,1940,4,101.1,101.1,9.0,30,1
1940-05-01,1940,5,90.6,90.6,8.5,31,1
1940-06-01,1940,6,139.8,139.8,10.5,30,1
1940-07-01,1940,7,112.5,112.5,9.5,31,1
1940-08-01,1940,8,175.9,175.9,11.8,31,1
1940-09-01,1940,9,110.8,110.8,9.4,30,1
1940-10-01,1940,10,91.5,91.5,8.5,31,1
1940-11-01,1940,11,97.4,97.4,8.8,30,1
1940-12-01,1940,12,113.8,113.8,9.5,31,1
1941-01-01,1941,1,76.1,76.1,7.8,31,1
1941-02-01,1941,2,74.3,74.3,7.7,28,1
1941-03-01,1941,3,77.5,77.5,7.8,31,1
1941-04-01,1941,4,54.6,54.6,6.6,30,1
1941-05-01,1941,5,49.0,49.0,6.3,31,1
1941-06-01,1941,6,99.6,99.6,8.9,30,1
1941-07-01,1941,7,111.4,111.4,9.4,31,1
1941-08-01,1941,8,100.1,100.1,8.9,31,1
1941-09-01,1941,9,109.8,109.8,9.4,30,1
1941-10-01,1941,10,77.2,77.2,7.8,31,1
1941-11-01,1941,11,64.0,64.0,7.2,30,1
1941-12-01,1941,12,56.2,56.2,6.7,31,1
1942-01-01,1942,1,59.5,59.5,6.9,31,1
1942-02-01,1942,2,87.9,87.9,8.4,28,1
1942-03-01,1942,3,90.4,90.4,8.5,31,1
1942-04-01,1942,4,101.2,101.2,9.0,30,1
1942-05-01,1942,5,41.8,41.8,5.8,31,1
1942-06-01,1942,6,18.9,18.9,4.0,30,1
1942-07-01,1942,7,29.6,29.6,4.9,31,1
1942-08-01,1942,8,33.7,33.7,5.2,31,1
1942-09-01,1942,9,28.7,28.7,4.8,30,1
1942-10-01,1942,10,32.0,32.0,5.1,31,1
1942-11-01,1942,11,51.3,51.3,6.4,30,1
1942-12-01,1942,12,37.6,37.6,5.5,31,1
1943-01-01,1943,1,20.7,20.7,4.1,31,1
1943-02-01,1943,2,48.1,48.1,6.2,28,1
1943-03-01,1943,3,45.7,45.7,6.0,31,1
1943-04-01,1943,4,43.5,43.5,5.9,30,1
1943-05-01,1943,5,23.6,23.6,4.3,31,1
1943-06-01,1943,6,12.7,12.7,3.4,30,1
1943-07-01,1943,7,22.0,22.0,4.3,31,1
1943-08-01,1943,8,32.3,32.3,5.1,31,1
1943-09-01,1943,9,16.7,16.7,3.9,30,1
1943-10-01,1943,10,13.0,13.0,3.4,31,1
1943-11-01,1943,11,17.0,17.0,3.9,30,1
1943-12-01,1943,12,31.4,31.4,5.1,31,1
1944-01-01,1944,1,6.1,6.1,2.7,31,1
1944-02-01,1944,2,0.8,0.8,2.1,29,1
1944-03-01,1944,3,18.3,18.3,4.0,31,1
1944-04-01,1944,4,0.4,0.4,2.1,30,1
1944-05-01,1944,5,4.1,4.1,2.6,31,1
1944-06-01,1944,6,8.2,8.2,2.8,30,1
1944-07-01,1944,7,8.5,8.5,2.9,31,1
1944-08-01,1944,8,27.9,27.9,4.8,31,1
1944-09-01,1944,9,23.7,23.7,4.4,30,1
1944-10-01,1944,10,28.1,28.1,4.8,31,1
1944-11-01,1944,11,17.9,17.9,3.9,30,1
1944-12-01,1944,12,47.4,47.4,6.2,31,1
1945-01-01,1945,1,30.8,30.8,5.0,31,1
1945-02-01,1945,2,21.2,21.2,4.2,28,1
1945-03-01,1945,3,35.9,35.9,5.4,31,1
1945-04-01,1945,4,53.4,53.4,6.5,30,1
1945-05-01,1945,5,51.0,51.0,6.4,31,1
1945-06-01,1945,6,60.2,60.2,6.9,30,1
1945-07-01,1945,7,71.0,71.0,7.5,31,1
1945-08-01,1945,8,43.1,43.1,5.9,31,1
1945-09-01,1945,9,58.1,58.1,6.8,30,1
1945-10-01,1945,10,114.5,114.5,9.5,31,1
1945-11-01,1945,11,76.6,76.6,7.8,30,1
1945-12-01,1945,12,45.7,45.7,6.0,31,1
1946-01-01,1946,1,79.3,79.3,7.9,31,1
1946-02-01,1946,2,143.8,143.8,10.7,28,1
1946-03-01,1946,3,127.7,127.7,10.1,31,1
1946-04-01,1946,4,126.1,126.1,10.0,30,1
1946-05-01,1946,5,141.6,141.6,10.6,31,1
1946-06-01,1946,6,122.6,122.6,9.9,30,1
1946-07-01,1946,7,193.7,193.7,12.4,31,1
1946-08-01,1946,8,178.7,178.7,11.9,31,1
1946-09-01,1946,9,157.4,157.4,11.2,30,1
1946-10-01,1946,10,170.5,170.5,11.6,31,1
1946-11-01,1946,11,206.3,206.3,12.8,30,1
1946-12-01,1946,12,202.9,202.9,12.7,31,1
1947-01-01,1947,1,163.7,163.7,8.5,31,1
1947-02-01,1947,2,188.9,188.9,9.2,28,1
1947-03-01,1947,3,183.8,183.8,9.1,31,1
1947-04-01,1947,4,212.1,212.1,9.7,30,1
1947-05-01,1947,5,285.0,285.0,11.3,31,1
1947-06-01,1947,6,232.1,232.1,10.2,30,1
1947-07-01,1947,7,223.5,223.5,10.0,31,1
1947-08-01,1947,8,267.4,267.4,10.9,31,1
1947-09-01,1947,9,239.9,239.9,10.4,30,1
1947-10-01,1947,10,231.7,231.7,10.2,31,1
1947-11-01,1947,11,181.3,181.3,9.0,30,1
1947-12-01,1947,12,164.9,164.9,8.6,31,1
1948-01-01,1948,1,153.6,153.6,8.3,31,1
1948-02-01,1948,2,122.0,122.0,7.4,29,1
1948-03-01,1948,3,134.3,134.3,7.7,31,1
1948-04-01,1948,4,268.5,268.5,11.0,30,1
1948-05-01,1948,5,246.4,246.4,10.5,31,1
1948-06-01,1948,6,237.5,237.5,10.3,30,1
1948-07-01,1948,7,201.4,201.4,9.5,31,1
1948-08-01,1948,8,223.7,223.7,10.0,31,1
1948-09-01,1948,9,202.9,202.9,9.5,30,1
1948-10-01,1948,10,192.9,192.9,9.3,31,1
1948-11-01,1948,11,135.6,135.6,7.8,30,1
1948-12-01,1948,12,195.3,195.3,9.3,31,1
1949-01-01,1949,1,168.6,168.6,8.7,31,1
1949-02-01,1949,2,258.0,258.0,10.8,28,1
1949-03-01,1949,3,223.0,223.0,10.0,31,1
1949-04-01,1949,4,208.1,208.1,9.7,30,1
1949-05-01,1949,5,150.4,150.4,8.2,31,1
1949-06-01,1949,6,172.4,172.4,8.8,30,1
1949-07-01,1949,7,178.3,178.3,8.9,31,1
1949-08-01,1949,8,175.3,175.3,8.9,31,1
1949-09-01,1949,9,205.8,205.8,9.6,30,1
1949-10-01,1949,10,186.3,186.3,9.1,31,1
1949-11-01,1949,11,203.2,203.2,9.5,30,1
1949-12-01,1949,12,166.6,166.6,8.6,31,1
1950-01-01,1950,1,143.9,143.9,8.0,31,1
1950-02-01,1950,2,134.3,134.3,7.7,28,1
1950-03-01,1950,3,155.4,155.4,8.3,31,1
1950-04-01,1950,4,160.6,160.6,8.5,30,1
1950-05-01,1950,5,150.5,150.5,8.2,31,1
1950-06-01,1950,6,118.3,118.3,7.3,30,1
1950-07-01,1950,7,128.9,128.9,7.6,31,1
1950-08-01,1950,8,120.6,120.6,7.3,31,1
1950-09-01,1950,9,72.7,72.7,5.7,30,1
1950-10-01,1950,10,87.0,87.0,6.2,31,1
1950-11-01,1950,11,77.7,77.7,5.9,30,1
1950-12-01,1950,12,76.7,76.7,5.9,31,1
1951-01-01,1951,1,85.0,85.0,6.2,31,1
1951-02-01,1951,2,84.8,84.8,6.1,28,1
1951-03-01,1951,3,79.3,79.3,5.9,31,1
1951-04-01,1951,4,131.7,131.7,7.7,30,1
1951-05-01,1951,5,153.7,153.7,8.3,31,1
1951-06-01,1951,6,142.4,142.4,8.0,30,1
1951-07-01,1951,7,87.2,87.2,6.2,31,1
1951-08-01,1951,8,86.5,86.5,6.2,31,1
1951-09-01,1951,9,117.7,117.7,7.2,30,1
1951-10-01,1951,10,73.3,73.3,5.7,31,1
1951-11-01,1951,11,74.2,74.2,5.7,30,1
1951-12-01,1951,12,65.0,65.0,5.4,31,1
1952-01-01,1952,1,57.9,57.9,5.1,31,1
1952-02-01,1952,2,32.4,32.4,3.8,29,1
1952-03-01,1952,3,31.5,31.5,3.8,31,1
1952-04-01,1952,4,41.7,41.7,4.3,30,1
1952-05-01,1952,5,33.6,33.6,3.9,31,1
1952-06-01,1952,6,52.0,52.0,4.8,30,1
1952-07-01,1952,7,56.1,56.1,5.0,31,1
1952-08-01,1952,8,77.8,77.8,5.9,31,1
1952-09-01,1952,9,40.4,40.4,4.3,30,1
1952-10-01,1952,10,34.2,34.2,3.9,31,1
1952-11-01,1952,11,31.8,31.8,3.8,30,1
1952-12-01,1952,12,48.9,48.9,4.7,31,1
1953-01-01,1953,1,37.9,37.9,4.1,31,1
1953-02-01,1953,2,5.9,5.9,1.7,28,1
1953-03-01,1953,3,14.7,14.7,2.6,31,1
1953-04-01,1953,4,39.6,39.6,4.2,30,1
1953-05-01,1953,5,18.3,18.3,2.9,31,1
1953-06-01,1953,6,31.5,31.5,3.8,30,1
1953-07-01,1953,7,12.7,12.7,2.4,31,1
1953-08-01,1953,8,33.6,33.6,3.9,31,1
1953-09-01,1953,9,28.0,28.0,3.6,30,1
1953-10-01,1953,10,12.3,12.3,2.4,31,1
1953-11-01,1953,11,2.5,2.5,1.1,30,1
1953-12-01,1953,12,3.9,3.9,1.3,31,1
1954-01-01,1954,1,0.4,0.4,0.4,31,1
1954-02-01,1954,2,0.8,0.8,0.6,28,1
1954-03-01,1954,3,15.8,15.8,2.7,31,1
1954-04-01,1954,4,2.7,2.7,1.1,30,1
1954-05-01,1954,5,1.2,1.2,0.7,31,1
1954-06-01,1954,6,0.4,0.4,0.4,30,1
1954-07-01,1954,7,7.3,7.3,1.9,31,1
1954-08-01,1954,8,12.6,12.6,2.4,31,1
1954-09-01,1954,9,2.3,2.3,1.0,30,1
1954-10-01,1954,10,10.5,10.5,2.2,31,1
1954-11-01,1954,11,13.4,13.4,2.5,30,1
1954-12-01,1954,12,11.3,11.3,2.3,31,1
1955-01-01,1955,1,33.4,33.4,3.9,31,1
1955-02-01,1955,2,29.9,29.9,3.7,28,1
1955-03-01,1955,3,7.3,7.3,1.9,31,1
1955-04-01,1955,4,16.4,16.4,2.7,30,1
1955-05-01,1955,5,41.3,41.3,4.3,31,1
1955-06-01,1955,6,45.2,45.2,4.5,30,1
1955-07-01,1955,7,38.2,38.2,4.1,31,1
1955-08-01,1955,8,58.0,58.0,5.1,31,1
1955-09-01,1955,9,60.8,60.8,5.2,30,1
1955-10-01,1955,10,83.0,83.0,6.1,31,1
1955-11-01,1955,11,126.3,126.3,7.5,30,1
1955-12-01,1955,12,108.8,108.8,6.9,31,1
1956-01-01,1956,1,104.1,104.1,6.8,31,1
1956-02-01,1956,2,175.6,175.6,8.9,29,1
1956-03-01,1956,3,167.7,167.7,8.6,31,1
1956-04-01,1956,4,156.7,156.7,8.4,30,1
1956-05-01,1956,5,193.4,193.4,9.3,31,1
1956-06-01,1956,6,165.1,165.1,8.6,30,1
1956-07-01,1956,7,182.7,182.7,9.0,31,1
1956-08-01,1956,8,240.2,240.2,10.4,31,1
1956-09-01,1956,9,245.4,245.4,10.5,30,1
1956-10-01,1956,10,219.9,219.9,9.9,31,1
1956-11-01,1956,11,285.0,285.0,11.3,30,1
1956-12-01,1956,12,272.0,272.0,11.0,31,1
1957-01-01,1957,1,233.7,233.7,10.2,31,1
1957-02-01,1957,2,184.5,184.5,9.1,28,1
1957-03-01,1957,3,222.8,222.8,10.0,31,1
1957-04-01,1957,4,248.0,248.0,10.5,30,1
1957-05-01,1957,5,233.0,233.0,10.2,31,1
1957-06-01,1957,6,284.3,284.3,11.3,30,1
1957-07-01,1957,7,265.1,265.1,10.9,31,1
1957-08-01,1957,8,223.7,223.7,10.0,31,1
1957-09-01,1957,9,334.0,334.0,12.3,30,1
1957-10-01,1957,10,359.4,359.4,12.7,31,1
1957-11-01,1957,11,298.6,298.6,11.6,30,1
1957-12-01,1957,12,339.0,339.0,12.3,31,1
1958-01-01,1958,1,286.7,286.7,11.3,31,1
1958-02-01,1958,2,233.6,233.6,10.2,28,1
1958-03-01,1958,3,270.0,270.0,11.0,31,1
1958-04-01,1958,4,277.6,277.6,11.2,30,1
1958-05-01,1958,5,248.2,248.2,10.5,31,1
1958-06-01,1958,6,242.9,242.9,10.4,30,1
1958-07-01,1958,7,271.0,271.0,11.0,31,1
1958-08-01,1958,8,283.5,283.5,11.3,31,1
1958-09-01,1958,9,285.1,285.1,11.3,30,1
1958-10-01,1958,10,256.9,256.9,10.7,31,1
1958-11-01,1958,11,215.6,215.6,9.8,30,1
1958-12-01,1958,12,265.7,265.7,10.9,31,1
1959-01-01,1959,1,307.7,307.7,11.7,31,1
1959-02-01,1959,2,202.6,202.6,9.5,28,1
1959-03-01,1959,3,263.0,263.0,10.9,31,1
1959-04-01,1959,4,231.3,231.3,10.2,30,1
1959-05-01,1959,5,243.6,243.6,10.4,31,1
1959-06-01,1959,6,238.9,238.9,10.3,30,1
1959-07-01,1959,7,211.9,211.9,9.7,31,1
1959-08-01,1959,8,282.6,282.6,11.3,31,1
1959-09-01,1959,9,205.6,205.6,9.6,30,1
1959-10-01,1959,10,157.7,157.7,8.4,31,1
1959-11-01,1959,11,175.6,175.6,8.9,30,1
1959-12-01,1959,12,177.1,177.1,8.9,31,1
1960-01-01,1960,1,207.2,207.2,9.6,31,1
1960-02-01,1960,2,149.9,149.9,8.2,29,1
1960-03-01,1960,3,144.6,144.6,8.0,31,1
1960-04-01,1960,4,172.7,172.7,8.8,30,1
1960-05-01,1960,5,169.3,169.3,8.7,31,1
1960-06-01,1960,6,156.0,156.0,8.3,30,1
1960-07-01,1960,7,172.4,172.4,8.8,31,1
1960-08-01,1960,8,190.0,190.0,9.2,31,1
1960-09-01,1960,9,180.1,180.1,9.0,30,1
1960-10-01,1960,10,117.3,117.3,7.2,31,1
1960-11-01,1960,11,126.9,126.9,7.5,30,1
1960-12-01,1960,12,121.2,121.2,7.4,31,1
1961-01-01,1961,1,82.1,82.1,6.0,31,1
1961-02-01,1961,2,65.4,65.4,5.4,28,1
1961-03-01,1961,3,75.2,75.2,5.8,31,1
1961-04-01,1961,4,86.9,86.9,6.2,30,1
1961-05-01,1961,5,72.3,72.3,5.7,31,1
1961-06-01,1961,6,109.5,109.5,7.0,30,1
1961-07-01,1961,7,99.3,99.3,6.6,31,1
1961-08-01,1961,8,79.2,79.2,6.0,31,1
1961-09-01,1961,9,90.1,90.1,6.3,30,1
1961-10-01,1961,10,53.7,53.7,4.9,31,1
1961-11-01,1961,11,46.5,46.5,4.6,30,1
1961-12-01,1961,12,56.9,56.9,5.0,31,1
1962-01-01,1962,1,55.1,55.1,5.0,31,1
1962-02-01,1962,2,71.7,71.7,5.7,28,1
1962-03-01,1962,3,64.9,64.9,5.4,31,1
1962-04-01,1962,4,65.9,65.9,5.4,30,1
1962-05-01,1962,5,61.9,61.9,5.2,31,1
1962-06-01,1962,6,59.6,59.6,5.2,30,1
1962-07-01,1962,7,31.4,31.4,3.8,31,1
1962-08-01,1962,8,31.5,31.5,3.8,31,1
1962-09-01,1962,9,72.7,72.7,5.7,30,1
1962-10-01,1962,10,56.1,56.1,5.0,31,1
1962-11-01,1962,11,38.8,38.8,4.2,30,1
1962-12-01,1962,12,33.2,33.2,3.9,31,1
1963-01-01,1963,1,28.7,28.7,3.6,31,1
1963-02-01,1963,2,35.2,35.2,4.0,28,1
1963-03-01,1963,3,24.8,24.8,3.4,31,1
1963-04-01,1963,4,41.7,41.7,4.3,30,1
1963-05-01,1963,5,61.1,61.1,5.2,31,1
1963-06-01,1963,6,51.2,51.2,4.8,30,1
1963-07-01,1963,7,28.7,28.7,3.6,31,1
1963-08-01,1963,8,47.5,47.5,4.6,31,1
1963-09-01,1963,9,55.2,55.2,5.0,30,1
1963-10-01,1963,10,50.1,50.1,4.7,31,1
1963-11-01,1963,11,33.7,33.7,3.9,30,1
1963-12-01,1963,12,21.6,21.6,3.2,31,1
1964-01-01,1964,1,22.6,22.6,3.2,31,1
1964-02-01,1964,2,25.3,25.3,3.4,29,1
1964-03-01,1964,3,24.1,24.1,3.3,31,1
1964-04-01,1964,4,12.9,12.9,2.5,30,1
1964-05-01,1964,5,14.3,14.3,2.6,31,1
1964-06-01,1964,6,13.5,13.5,2.5,30,1
1964-07-01,1964,7,4.8,4.8,1.5,31,1
1964-08-01,1964,8,13.8,13.8,2.5,31,1
1964-09-01,1964,9,7.0,7.0,1.8,30,1
1964-10-01,1964,10,9.2,9.2,2.1,31,1
1964-11-01,1964,11,11.1,11.1,2.3,30,1
1964-12-01,1964,12,22.1,22.1,3.2,31,1
1965-01-01,1965,1,25.4,25.4,3.4,31,1
1965-02-01,1965,2,20.8,20.8,3.1,28,1
1965-03-01,1965,3,17.5,17.5,2.8,31,1
1965-04-01,1965,4,10.2,10.2,2.2,30,1
1965-05-01,1965,5,34.5,34.5,3.9,31,1
1965-06-01,1965,6,23.3,23.3,3.3,30,1
1965-07-01,1965,7,17.3,17.3,2.8,31,1
1965-08-01,1965,8,13.3,13.3,2.5,31,1
1965-09-01,1965,9,24.5,24.5,3.4,30,1
1965-10-01,1965,10,29.1,29.1,3.6,31,1
1965-11-01,1965,11,22.8,22.8,3.2,30,1
1965-12-01,1965,12,24.7,24.7,3.4,31,1
1966-01-01,1966,1,40.3,40.3,4.3,31,1
1966-02-01,1966,2,35.3,35.3,4.0,28,1
1966-03-01,1966,3,36.4,36.4,4.0,31,1
1966-04-01,1966,4,69.0,69.0,5.5,30,1
1966-05-01,1966,5,64.2,64.2,5.3,31,1
1966-06-01,1966,6,67.7,67.7,5.5,30,1
1966-07-01,1966,7,80.2,80.2,6.0,31,1
1966-08-01,1966,8,72.6,72.6,5.7,31,1
1966-09-01,1966,9,71.1,71.1,5.6,30,1
1966-10-01,1966,10,81.2,81.2,6.0,31,1
1966-11-01,1966,11,81.0,81.0,6.0,30,1
1966-12-01,1966,12,99.8,99.8,6.7,31,1
1967-01-01,1967,1,157.0,157.0,8.4,31,1
1967-02-01,1967,2,132.6,132.6,7.7,28,1
1967-03-01,1967,3,158.3,158.3,8.4,31,1
1967-04-01,1967,4,98.4,98.4,6.6,30,1
1967-05-01,1967,5,122.5,122.5,7.4,31,1
1967-06-01,1967,6,95.4,95.4,6.5,30,1
1967-07-01,1967,7,129.5,129.5,7.6,31,1
1967-08-01,1967,8,151.8,151.8,8.2,31,1
1967-09-01,1967,9,108.7,108.7,7.0,30,1
1967-10-01,1967,10,125.0,125.0,7.5,31,1
1967-11-01,1967,11,133.6,133.6,7.7,30,1
1967-12-01,1967,12,179.0,179.0,8.9,31,1
1968-01-01,1968,1,172.5,172.5,8.8,31,1
1968-02-01,1968,2,158.5,158.5,8.4,29,1
1968-03-01,1968,3,130.5,130.5,7.6,31,1
1968-04-01,1968,4,115.0,115.0,7.2,30,1
1968-05-01,1968,5,180.0,180.0,9.0,31,1
1968-06-01,1968,6,156.2,156.2,8.3,30,1
1968-07-01,1968,7,136.2,136.2,7.8,31,1
1968-08-01,1968,8,154.8,154.8,8.3,31,1
1968-09-01,1968,9,166.0,166.0,8.6,30,1
1968-10-01,1968,10,152.5,152.5,8.2,31,1
1968-11-01,1968,11,121.7,121.7,7.4,30,1
1968-12-01,1968,12,155.5,155.5,8.3,31,1
1969-01-01,1969,1,147.8,147.8,8.1,31,1
1969-02-01,1969,2,170.5,170.5,8.7,28,1
1969-03-01,1969,3,192.3,192.3,9.3,31,1
1969-04-01,1969,4,151.1,151.1,8.2,30,1
1969-05-01,1969,5,169.9,169.9,8.7,31,1
1969-06-01,1969,6,150.1,150.1,8.2,30,1
1969-07-01,1969,7,137.1,137.1,7.8,31,1
1969-08-01,1969,8,138.8,138.8,7.9,31,1
1969-09-01,1969,9,129.3,129.3,7.6,30,1
1969-10-01,1969,10,135.4,135.4,7.8,31,1
1969-11-01,1969,11,132.4,132.4,7.7,30,1
1969-12-01,1969,12,138.6,138.6,7.9,31,1
1970-01-01,1970,1,157.9,157.9,8.4,31,1
1970-02-01,1970,2,180.8,180.8,9.0,28,1
1970-03-01,1970,3,145.7,145.7,8.1,31,1
1970-04-01,1970,4,155.1,155.1,8.3,30,1
1970-05-01,1970,5,180.5,180.5,9.0,31,1
1970-06-01,1970,6,151.3,151.3,8.2,30,1
1970-07-01,1970,7,159.3,159.3,8.4,31,1
1970-08-01,1970,8,131.7,131.7,7.7,31,1
1970-09-01,1970,9,140.8,140.8,7.9,30,1
1970-10-01,1970,10,122.6,122.6,7.4,31,1
1970-11-01,1970,11,134.8,134.8,7.8,30,1
1970-12-01,1970,12,118.2,118.2,7.2,31,1
1971-01-01,1971,1,129.2,129.2,7.6,31,1
1971-02-01,1971,2,111.8,111.8,7.0,28,1
1971-03-01,1971,3,85.9,85.9,6.2,31,1
1971-04-01,1971,4,101.6,101.6,6.7,30,1
1971-05-01,1971,5,81.5,81.5,6.0,31,1
1971-06-01,1971,6,70.7,70.7,5.6,30,1
1971-07-01,1971,7,114.7,114.7,7.1,31,1
1971-08-01,1971,8,87.0,87.0,6.2,31,1
1971-09-01,1971,9,71.3,71.3,5.6,30,1
1971-10-01,1971,10,73.4,73.4,5.7,31,1
1971-11-01,1971,11,89.5,89.5,6.3,30,1
1971-12-01,1971,12,116.5,116.5,7.2,31,1
1972-01-01,1972,1,87.0,87.0,6.2,31,1
1972-02-01,1972,2,125.3,125.3,7.5,29,1
1972-03-01,1972,3,113.5,113.5,7.1,31,1
1972-04-01,1972,4,89.6,89.6,6.3,30,1
1972-05-01,1972,5,113.9,113.9,7.1,31,1
1972-06-01,1972,6,124.7,124.7,7.4,30,1
1972-07-01,1972,7,108.3,108.3,6.9,31,1
1972-08-01,1972,8,108.9,108.9,7.0,31,1
1972-09-01,1972,9,90.7,90.7,6.4,30,1
1972-10-01,1972,10,86.9,86.9,6.2,31,1
1972-11-01,1972,11,59.2,59.2,5.2,30,1
1972-12-01,1972,12,64.3,64.3,5.4,31,1
1973-01-01,1973,1,61.8,61.8,5.2,31,1
1973-02-01,1973,2,60.9,60.9,5.2,28,1
1973-03-01,1973,3,65.4,65.4,5.4,31,1
1973-04-01,1973,4,81.8,81.8,6.0,30,1
1973-05-01,1973,5,60.3,60.3,5.2,31,1
1973-06-01,1973,6,56.1,56.1,5.0,30,1
1973-07-01,1973,7,33.2,33.2,3.9,31,1
1973-08-01,1973,8,36.6,36.6,4.1,31,1
1973-09-01,1973,9,84.1,84.1,6.1,30,1
1973-10-01,1973,10,43.7,43.7,4.4,31,1
1973-11-01,1973,11,34.3,34.3,3.9,30,1
1973-12-01,1973,12,33.3,33.3,3.9,31,1
1974-01-01,1974,1,39.4,39.4,4.2,31,1
1974-02-01,1974,2,37.3,37.3,4.1,28,1
1974-03-01,1974,3,30.9,30.9,3.8,31,1
1974-04-01,1974,4,57.5,57.5,5.1,30,1
1974-05-01,1974,5,56.3,56.3,5.0,31,1
1974-06-01,1974,6,51.5,51.5,4.8,30,1
1974-07-01,1974,7,79.1,79.1,5.9,31,1
1974-08-01,1974,8,47.9,47.9,4.6,31,1
1974-09-01,1974,9,57.2,57.2,5.0,30,1
1974-10-01,1974,10,67.2,67.2,5.5,31,1
1974-11-01,1974,11,35.9,35.9,4.0,30,1
1974-12-01,1974,12,29.6,29.6,3.7,31,1
1975-01-01,1975,1,27.3,27.3,3.5,31,1
1975-02-01,1975,2,16.7,16.7,2.8,28,1
1975-03-01,1975,3,16.9,16.9,2.8,31,1
1975-04-01,1975,4,7.7,7.7,1.9,30,1
1975-05-01,1975,5,13.1,13.1,2.5,31,1
1975-06-01,1975,6,16.7,16.7,2.8,30,1
1975-07-01,1975,7,40.4,40.4,4.3,31,1
1975-08-01,1975,8,56.7,56.7,5.0,31,1
1975-09-01,1975,9,20.3,20.3,3.1,30,1
1975-10-01,1975,10,13.6,13.6,2.5,31,1
1975-11-01,1975,11,27.9,27.9,3.6,30,1
1975-12-01,1975,12,11.6,11.6,2.3,31,1
1976-01-01,1976,1,11.9,11.9,2.3,31,1
1976-02-01,1976,2,6.4,6.4,1.7,29,1
1976-03-01,1976,3,31.5,31.5,3.8,31,1
1976-04-01,1976,4,27.3,27.3,3.5,30,1
1976-05-01,1976,5,18.2,18.2,2.9,31,1
1976-06-01,1976,6,17.9,17.9,2.9,30,1
1976-07-01,1976,7,2.9,2.9,1.2,31,1
1976-08-01,1976,8,24.1,24.1,3.3,31,1
1976-09-01,1976,9,20.0,20.0,3.0,30,1
1976-10-01,1976,10,29.7,29.7,3.7,31,1
1976-11-01,1976,11,7.9,7.9,1.9,30,1
1976-12-01,1976,12,22.3,22.3,3.2,31,1
1977-01-01,1977,1,23.8,23.8,3.3,31,1
1977-02-01,1977,2,33.3,33.3,3.9,28,1
1977-03-01,1977,3,13.0,13.0,2.5,31,1
1977-04-01,1977,4,19.0,19.0,3.0,30,1
1977-05-01,1977,5,27.0,27.0,3.5,31,1
1977-06-01,1977,6,54.9,54.9,5.0,30,1
1977-07-01,1977,7,30.6,30.6,3.7,31,1
1977-08-01,1977,8,43.0,43.0,4.4,31,1
1977-09-01,1977,9,62.4,62.4,5.3,30,1
1977-10-01,1977,10,62.1,62.1,5.3,31,1
1977-11-01,1977,11,41.6,41.6,4.3,30,1
1977-12-01,1977,12,61.4,61.4,5.2,31,1
1978-01-01,1978,1,73.7,73.7,5.7,31,1
1978-02-01,1978,2,132.6,132.6,7.7,28,1
1978-03-01,1978,3,108.4,108.4,6.9,31,1
1978-04-01,1978,4,141.2,141.2,7.9,30,1
1978-05-01,1978,5,117.1,117.1,7.2,31,1
1978-06-01,1978,6,134.6,134.6,7.8,30,1
1978-07-01,1978,7,99.7,99.7,6.7,31,1
1978-08-01,1978,8,82.4,82.4,6.0,31,1
1978-09-01,1978,9,195.7,195.7,9.3,30,1
1978-10-01,1978,10,177.1,177.1,8.9,31,1
1978-11-01,1978,11,138.5,138.5,7.9,30,1
1978-12-01,1978,12,173.9,173.9,8.8,31,1
1979-01-01,1979,1,235.9,235.9,10.3,31,1
1979-02-01,1979,2,194.7,194.7,9.3,28,1
1979-03-01,1979,3,195.3,195.3,9.3,31,1
1979-04-01,1979,4,143.7,143.7,8.0,30,1
1979-05-01,1979,5,190.3,190.3,9.2,31,1
1979-06-01,1979,6,211.7,211.7,9.7,30,1
1979-07-01,1979,7,225.7,225.7,10.0,31,1
1979-08-01,1979,8,201.4,201.4,9.5,31,1
1979-09-01,1979,9,266.9,266.9,10.9,30,1
1979-10-01,1979,10,263.6,263.6,10.9,31,1
1979-11-01,1979,11,259.5,259.5,10.8,30,1
1979-12-01,1979,12,249.6,249.6,10.6,31,1
1980-01-01,1980,1,226.1,226.1,10.1,31,1
1980-02-01,1980,2,219.4,219.4,9.9,29,1
1980-03-01,1980,3,178.7,178.7,8.9,31,1
1980-04-01,1980,4,232.2,232.2,10.2,30,1
1980-05-01,1980,5,254.7,254.7,10.7,31,1
1980-06-01,1980,6,222.7,222.7,10.0,30,1
1980-07-01,1980,7,192.9,192.9,9.3,31,1
1980-08-01,1980,8,191.7,191.7,9.3,31,1
1980-09-01,1980,9,219.6,219.6,9.9,30,1
1980-10-01,1980,10,233.3,233.3,10.2,31,1
1980-11-01,1980,11,209.5,209.5,9.7,30,1
1980-12-01,1980,12,246.9,246.9,10.5,31,1
1981-01-01,1981,1,156.6,156.6,9.5,271,1
1981-02-01,1981,2,189.9,189.9,12.4,229,1
1981-03-01,1981,3,196.6,196.6,11.6,244,1
1981-04-01,1981,4,225.3,225.3,14.9,254,1
1981-05-01,1981,5,194.7,194.7,13.4,268,1
1981-06-01,1981,6,131.6,131.6,9.5,227,1
1981-07-01,1981,7,205.3,205.3,13.0,268,1
1981-08-01,1981,8,242.5,242.5,13.9,276,1
1981-09-01,1981,9,245.3,245.3,18.5,255,1
1981-10-01,1981,10,216.2,216.2,12.1,243,1
1981-11-01,1981,11,186.0,186.0,14.2,248,1
1981-12-01,1981,12,195.4,195.4,11.9,266,1
1982-01-01,1982,1,149.8,149.8,10.2,287,1
1982-02-01,1982,2,230.9,230.9,13.6,256,1
1982-03-01,1982,3,221.1,221.1,11.4,263,1
1982-04-01,1982,4,170.3,170.3,8.3,284,1
1982-05-01,1982,5,119.3,119.3,8.5,318,1
1982-06-01,1982,6,163.7,163.7,11.2,313,1
1982-07-01,1982,7,139.4,139.4,14.0,292,1
1982-08-01,1982,8,161.9,161.9,11.8,301,1
1982-09-01,1982,9,167.4,167.4,9.7,308,1
1982-10-01,1982,10,134.3,134.3,10.4,308,1
1982-11-01,1982,11,127.5,127.5,18.6,244,1
1982-12-01,1982,12,169.0,169.0,15.4,262,1
1983-01-01,1983,1,115.5,115.5,8.7,267,1
1983-02-01,1983,2,73.1,73.1,6.3,261,1
1983-03-01,1983,3,88.7,88.7,7.1,259,1
1983-04-01,1983,4,109.6,109.6,9.7,282,1
1983-05-01,1983,5,132.5,132.5,9.4,330,1
1983-06-01,1983,6,131.5,131.5,8.2,361,1
1983-07-01,1983,7,108.9,108.9,7.3,431,1
1983-08-01,1983,8,96.0,96.0,8.4,429,1
1983-09-01,1983,9,69.9,69.9,5.5,397,1
1983-10-01,1983,10,72.5,72.5,7.0,431,1
1983-11-01,1983,11,45.7,45.7,7.3,363,1
1983-12-01,1983,12,45.6,45.6,5.5,405,1
1984-01-01,1984,1,74.8,74.8,6.5,399,1
1984-02-01,1984,2,110.2,110.2,8.1,377,1
1984-03-01,1984,3,116.7,116.7,8.7,395,1
1984-04-01,1984,4,90.4,90.4,7.6,407,1
1984-05-01,1984,5,96.9,96.9,7.0,462,1
1984-06-01,1984,6,65.1,65.1,5.4,438,1
1984-07-01,1984,7,55.7,55.7,5.1,468,1
1984-08-01,1984,8,35.0,35.0,3.4,509,1
1984-09-01,1984,9,22.6,22.6,3.9,429,1
1984-10-01,1984,10,12.6,12.6,3.8,428,1
1984-11-01,1984,11,26.5,26.5,4.7,394,1
1984-12-01,1984,12,21.4,21.4,3.9,397,1
1985-01-01,1985,1,17.8,17.8,3.9,425,1
1985-02-01,1985,2,20.7,20.7,3.8,412,1
1985-03-01,1985,3,16.9,16.9,3.9,389,1
1985-04-01,1985,4,20.4,20.4,3.7,468,1
1985-05-01,1985,5,32.4,32.4,3.7,457,1
1985-06-01,1985,6,28.3,28.3,3.9,465,1
1985-07-01,1985,7,39.9,39.9,3.8,540,1
1985-08-01,1985,8,10.1,10.1,3.5,546,1
1985-09-01,1985,9,4.3,4.3,2.4,511,1
1985-10-01,1985,10,22.0,22.0,4.2,486,1
1985-11-01,1985,11,17.9,17.9,2.6,422,1
1985-12-01,1985,12,15.8,15.8,4.6,422,1
1986-01-01,1986,1,2.8,2.8,2.8,460,1
1986-02-01,1986,2,27.9,27.9,3.6,420,1
1986-03-01,1986,3,13.8,13.8,3.8,433,1
1986-04-01,1986,4,22.4,22.4,4.1,449,1
1986-05-01,1986,5,16.1,16.1,3.6,530,1
1986-06-01,1986,6,0.6,0.6,2.1,494,1
1986-07-01,1986,7,18.1,18.1,3.9,510,1
1986-08-01,1986,8,9.9,9.9,2.3,567,1
1986-09-01,1986,9,5.1,5.1,3.0,505,1
1986-10-01,1986,10,40.1,40.1,4.4,507,1
1986-11-01,1986,11,15.4,15.4,4.3,515,1
1986-12-01,1986,12,5.8,5.8,2.8,544,1
1987-01-01,1987,1,9.8,9.8,2.7,487,1
1987-02-01,1987,2,3.4,3.4,2.6,429,1
1987-03-01,1987,3,17.4,17.4,3.0,501,1
1987-04-01,1987,4,46.0,46.0,4.4,581,1
1987-05-01,1987,5,39.1,39.1,3.5,566,1
1987-06-01,1987,6,18.8,18.8,3.5,586,1
1987-07-01,1987,7,38.2,38.2,4.3,645,1
1987-08-01,1987,8,47.9,47.9,3.3,619,1
1987-09-01,1987,9,42.2,42.2,3.5,609,1
1987-10-01,1987,10,63.4,63.4,4.8,501,1
1987-11-01,1987,11,48.8,48.8,5.1,417,1
1987-12-01,1987,12,29.1,29.1,3.2,455,1
1988-01-01,1988,1,70.5,70.5,5.5,484,1
1988-02-01,1988,2,45.4,45.4,4.6,525,1
1988-03-01,1988,3,91.2,91.2,5.7,516,1
1988-04-01,1988,4,108.8,108.8,6.7,562,1
1988-05-01,1988,5,74.2,74.2,6.1,582,1
1988-06-01,1988,6,124.3,124.3,8.3,574,1
1988-07-01,1988,7,131.4,131.4,9.6,605,1
1988-08-01,1988,8,139.4,139.4,9.0,649,1
1988-09-01,1988,9,142.7,142.7,9.4,551,1
1988-10-01,1988,10,156.5,156.5,9.7,530,1
1988-11-01,1988,11,156.8,156.8,8.9,488,1
1988-12-01,1988,12,231.2,231.2,13.5,490,1
1989-01-01,1989,1,210.1,210.1,15.0,536,1
1989-02-01,1989,2,208.7,208.7,12.7,489,1
1989-03-01,1989,3,170.4,170.4,10.2,573,1
1989-04-01,1989,4,166.3,166.3,9.7,534,1
1989-05-01,1989,5,195.4,195.4,10.6,668,1
1989-06-01,1989,6,284.5,284.5,15.5,619,1
1989-07-01,1989,7,180.5,180.5,10.2,673,1
1989-08-01,1989,8,232.0,232.0,13.5,639,1
1989-09-01,1989,9,225.1,225.1,14.9,585,1
1989-10-01,1989,10,212.2,212.2,11.2,562,1
1989-11-01,1989,11,238.2,238.2,15.2,550,1
1989-12-01,1989,12,211.4,211.4,13.5,504,1
1990-01-01,1990,1,227.4,227.4,13.6,516,1
1990-02-01,1990,2,171.8,171.8,11.3,518,1
1990-03-01,1990,3,191.7,191.7,11.0,592,1
1990-04-01,1990,4,189.7,189.7,10.1,575,1
1990-05-01,1990,5,175.2,175.2,10.0,691,1
1990-06-01,1990,6,153.3,153.3,9.1,599,1
1990-07-01,1990,7,191.1,191.1,9.8,661,1
1990-08-01,1990,8,252.1,252.1,12.8,714,1
1990-09-01,1990,9,169.1,169.1,9.2,622,1
1990-10-01,1990,10,199.4,199.4,12.6,605,1
1990-11-01,1990,11,178.8,178.8,12.3,536,1
1990-12-01,1990,12,197.1,197.1,12.6,479,1
1991-01-01,1991,1,195.3,195.3,14.5,552,1
1991-02-01,1991,2,240.3,240.3,13.9,493,1
1991-03-01,1991,3,197.0,197.0,11.8,546,1
1991-04-01,1991,4,197.6,197.6,11.9,590,1
1991-05-01,1991,5,166.9,166.9,9.9,625,1
1991-06-01,1991,6,224.7,224.7,12.9,620,1
1991-07-01,1991,7,240.2,240.2,13.7,661,1
1991-08-01,1991,8,240.8,240.8,14.3,707,1
1991-09-01,1991,9,168.9,168.9,11.3,621,1
1991-10-01,1991,10,197.1,197.1,13.2,524,1
1991-11-01,1991,11,159.5,159.5,10.1,487,1
1991-12-01,1991,12,212.6,212.6,14.1,506,1
1992-01-01,1992,1,198.3,198.3,12.9,566,1
1992-02-01,1992,2,230.7,230.7,14.5,590,1
1992-03-01,1992,3,151.0,151.0,9.2,537,1
1992-04-01,1992,4,142.2,142.2,9.5,660,1
1992-05-01,1992,5,94.3,94.3,7.7,746,1
1992-06-01,1992,6,98.5,98.5,6.6,706,1
1992-07-01,1992,7,114.2,114.2,7.7,761,1
1992-08-01,1992,8,91.9,91.9,6.7,794,1
1992-09-01,1992,9,94.0,94.0,5.5,764,1
1992-10-01,1992,10,133.4,133.4,8.2,623,1
1992-11-01,1992,11,129.6,129.6,8.2,559,1
1992-12-01,1992,12,122.0,122.0,8.4,539,1
1993-01-01,1993,1,81.4,81.4,5.9,583,1
1993-02-01,1993,2,127.8,127.8,8.3,551,1
1993-03-01,1993,3,102.4,102.4,6.6,739,1
1993-04-01,1993,4,94.4,94.4,6.7,719,1
1993-05-01,1993,5,78.8,78.8,5.7,752,1
1993-06-01,1993,6,69.6,69.6,5.4,706,1
1993-07-01,1993,7,80.4,80.4,5.4,699,1
1993-08-01,1993,8,62.5,62.5,5.0,809,1
1993-09-01,1993,9,31.2,31.2,4.5,709,1
1993-10-01,1993,10,71.1,71.1,5.5,630,1
1993-11-01,1993,11,48.2,48.2,4.4,551,1
1993-12-01,1993,12,68.4,68.4,5.9,562,1
1994-01-01,1994,1,84.9,84.9,6.6,582,1
1994-02-01,1994,2,54.9,54.9,4.8,539,1
1994-03-01,1994,3,47.5,47.5,4.1,728,1
1994-04-01,1994,4,27.4,27.4,3.9,763,1
1994-05-01,1994,5,29.8,29.8,4.1,789,1
1994-06-01,1994,6,39.7,39.7,5.0,789,1
1994-07-01,1994,7,50.6,50.6,4.3,865,1
1994-08-01,1994,8,34.3,34.3,3.2,876,1
1994-09-01,1994,9,40.5,40.5,4.1,735,1
1994-10-01,1994,10,67.1,67.1,4.2,657,1
1994-11-01,1994,11,29.5,29.5,4.7,591,1
1994-12-01,1994,12,32.2,32.2,3.5,610,1
1995-01-01,1995,1,32.6,32.6,5.3,630,1
1995-02-01,1995,2,45.8,45.8,3.9,620,1
1995-03-01,1995,3,46.3,46.3,3.8,706,1
1995-04-01,1995,4,21.6,21.6,3.6,698,1
1995-05-01,1995,5,19.4,19.4,2.8,781,1
1995-06-01,1995,6,22.5,22.5,3.8,747,1
1995-07-01,1995,7,20.4,20.4,3.1,842,1
1995-08-01,1995,8,18.2,18.2,3.6,854,1
1995-09-01,1995,9,15.7,15.7,3.0,708,1
1995-10-01,1995,10,30.6,30.6,3.7,734,1
1995-11-01,1995,11,14.0,14.0,3.7,594,1
1995-12-01,1995,12,14.9,14.9,3.6,515,1
1996-01-01,1996,1,13.3,13.3,3.4,535,1
1996-02-01,1996,2,7.7,7.7,3.4,532,1
1996-03-01,1996,3,12.6,12.6,3.1,621,1
1996-04-01,1996,4,6.8,6.8,2.5,678,1
1996-05-01,1996,5,7.6,7.6,3.1,676,1
1996-06-01,1996,6,16.5,16.5,2.9,682,1
1996-07-01,1996,7,11.8,11.8,2.6,766,1
1996-08-01,1996,8,19.7,19.7,3.5,759,1
1996-09-01,1996,9,3.0,3.0,2.5,656,1
1996-10-01,1996,10,0.7,0.7,2.1,630,1
1996-11-01,1996,11,24.9,24.9,4.4,536,1
1996-12-01,1996,12,14.0,14.0,2.9,543,1
1997-01-01,1997,1,7.4,7.4,3.2,497,1
1997-02-01,1997,2,11.0,11.0,2.9,545,1
1997-03-01,1997,3,12.1,12.1,2.4,627,1
1997-04-01,1997,4,23.0,23.0,3.3,663,1
1997-05-01,1997,5,25.4,25.4,2.8,716,1
1997-06-01,1997,6,20.8,20.8,2.5,656,1
1997-07-01,1997,7,12.9,12.9,4.2,700,1
1997-08-01,1997,8,35.7,35.7,3.8,723,1
1997-09-01,1997,9,59.7,59.7,4.8,661,1
1997-10-01,1997,10,32.8,32.8,3.6,623,1
1997-11-01,1997,11,50.4,50.4,4.7,465,1
1997-12-01,1997,12,55.5,55.5,4.6,418,1
1998-01-01,1998,1,44.5,44.5,4.6,521,1
1998-02-01,1998,2,50.2,50.2,4.6,559,1
1998-03-01,1998,3,82.0,82.0,5.9,571,1
1998-04-01,1998,4,70.6,70.6,7.2,537,1
1998-05-01,1998,5,74.0,74.0,4.8,620,1
1998-06-01,1998,6,90.5,90.5,6.0,521,1
1998-07-01,1998,7,96.7,96.7,6.3,597,1
1998-08-01,1998,8,121.1,121.1,7.4,586,1
1998-09-01,1998,9,132.0,132.0,8.6,502,1
1998-10-01,1998,10,78.5,78.5,6.6,432,1
1998-11-01,1998,11,97.3,97.3,6.8,472,1
1998-12-01,1998,12,119.2,119.2,9.4,435,1
1999-01-01,1999,1,86.0,86.0,7.6,475,1
1999-02-01,1999,2,98.0,98.0,7.6,446,1
1999-03-01,1999,3,103.5,103.5,6.8,518,1
1999-04-01,1999,4,93.6,93.6,7.5,569,1
1999-05-01,1999,5,149.6,149.6,8.5,630,1
1999-06-01,1999,6,207.2,207.2,10.5,567,1
1999-07-01,1999,7,173.5,173.5,9.3,594,1
1999-08-01,1999,8,142.3,142.3,12.9,649,1
1999-09-01,1999,9,106.3,106.3,6.5,624,1
1999-10-01,1999,10,168.7,168.7,10.4,531,1
1999-11-01,1999,11,188.3,188.3,12.3,406,1
1999-12-01,1999,12,116.8,116.8,9.3,404,1
2000-01-01,2000,1,133.1,133.1,10.4,450,1
2000-02-01,2000,2,165.7,165.7,10.4,490,1
2000-03-01,2000,3,217.7,217.7,11.9,456,1
2000-04-01,2000,4,191.5,191.5,10.2,529,1
2000-05-01,2000,5,165.9,165.9,10.1,551,1
2000-06-01,2000,6,188.0,188.0,8.8,532,1
2000-07-01,2000,7,244.3,244.3,12.0,507,1
2000-08-01,2000,8,180.5,180.5,9.4,626,1
2000-09-01,2000,9,156.0,156.0,11.2,558,1
2000-10-01,2000,10,141.6,141.6,8.0,483,1
2000-11-01,2000,11,158.1,158.1,8.9,380,1
2000-12-01,2000,12,143.3,143.3,8.7,391,1
2001-01-01,2001,1,142.6,142.6,9.2,437,1
2001-02-01,2001,2,121.5,121.5,8.1,453,1
2001-03-01,2001,3,165.8,165.8,11.9,485,1
2001-04-01,2001,4,161.7,161.7,9.4,578,1
2001-05-01,2001,5,142.1,142.1,8.3,578,1
2001-06-01,2001,6,202.9,202.9,10.8,586,1
2001-07-01,2001,7,123.0,123.0,8.4,645,1
2001-08-01,2001,8,161.5,161.5,9.3,654,1
2001-09-01,2001,9,238.2,238.2,12.1,518,1
2001-10-01,2001,10,194.1,194.1,11.3,628,1
2001-11-01,2001,11,176.6,176.6,13.3,509,1
2001-12-01,2001,12,213.4,213.4,12.5,487,1
2002-01-01,2002,1,184.6,184.6,11.7,500,1
2002-02-01,2002,2,170.2,170.2,11.3,475,1
2002-03-01,2002,3,147.1,147.1,9.1,580,1
2002-04-01,2002,4,186.9,186.9,9.8,603,1
2002-05-01,2002,5,187.5,187.5,9.7,595,1
2002-06-01,2002,6,128.8,128.8,7.7,569,1
2002-07-01,2002,7,161.0,161.0,11.0,628,1
2002-08-01,2002,8,175.6,175.6,9.8,663,1
2002-09-01,2002,9,187.9,187.9,10.1,554,1
2002-10-01,2002,10,151.2,151.2,8.0,543,1
2002-11-01,2002,11,147.2,147.2,8.2,470,1
2002-12-01,2002,12,135.3,135.3,10.0,408,1
2003-01-01,2003,1,133.5,133.5,7.4,482,1
2003-02-01,2003,2,75.7,75.7,5.7,538,1
2003-03-01,2003,3,100.7,100.7,7.5,633,1
2003-04-01,2003,4,97.9,97.9,6.4,619,1
2003-05-01,2003,5,86.8,86.8,6.6,606,1
2003-06-01,2003,6,118.7,118.7,7.9,672,1
2003-07-01,2003,7,128.3,128.3,7.9,677,1
2003-08-01,2003,8,115.4,115.4,7.3,721,1
2003-09-01,2003,9,78.5,78.5,5.8,685,1
2003-10-01,2003,10,97.8,97.8,8.8,570,1
2003-11-01,2003,11,82.9,82.9,6.3,443,1
2003-12-01,2003,12,72.2,72.2,5.3,441,1
2004-01-01,2004,1,60.6,60.6,5.2,491,1
2004-02-01,2004,2,74.6,74.6,6.0,479,1
2004-03-01,2004,3,74.8,74.8,5.1,594,1
2004-04-01,2004,4,59.2,59.2,5.1,601,1
2004-05-01,2004,5,72.8,72.8,5.7,614,1
2004-06-01,2004,6,66.5,66.5,6.8,646,1
2004-07-01,2004,7,83.8,83.8,8.8,709,1
2004-08-01,2004,8,69.7,69.7,5.5,686,1
2004-09-01,2004,9,48.8,48.8,5.3,604,1
2004-10-01,2004,10,74.2,74.2,5.5,539,1
2004-11-01,2004,11,70.1,70.1,5.4,477,1
2004-12-01,2004,12,28.9,28.9,3.4,442,1
2005-01-01,2005,1,48.1,48.1,4.6,536,1
2005-02-01,2005,2,43.5,43.5,4.3,500,1
2005-03-01,2005,3,39.6,39.6,3.8,607,1
2005-04-01,2005,4,38.7,38.7,3.8,598,1
2005-05-01,2005,5,61.9,61.9,5.7,641,1
2005-06-01,2005,6,56.8,56.8,5.3,675,1
2005-07-01,2005,7,62.4,62.4,6.1,678,1
2005-08-01,2005,8,60.5,60.5,5.3,706,1
2005-09-01,2005,9,37.2,37.2,4.5,691,1
2005-10-01,2005,10,13.2,13.2,3.4,534,1
2005-11-01,2005,11,27.5,27.5,4.1,499,1
2005-12-01,2005,12,59.3,59.3,3.9,419,1
2006-01-01,2006,1,20.9,20.9,3.4,511,1
2006-02-01,2006,2,5.7,5.7,3.7,434,1
2006-03-01,2006,3,17.3,17.3,4.2,502,1
2006-04-01,2006,4,50.3,50.3,5.1,550,1
2006-05-01,2006,5,37.2,37.2,3.9,566,1
2006-06-01,2006,6,24.5,24.5,3.3,566,1
2006-07-01,2006,7,22.2,22.2,2.4,628,1
2006-08-01,2006,8,20.8,20.8,2.5,650,1
2006-09-01,2006,9,23.7,23.7,3.0,567,1
2006-10-01,2006,10,14.9,14.9,2.4,537,1
2006-11-01,2006,11,35.7,35.7,3.5,444,1
2006-12-01,2006,12,22.3,22.3,3.5,415,1
2007-01-01,2007,1,29.3,29.3,2.8,474,1
2007-02-01,2007,2,18.4,18.4,2.7,423,1
2007-03-01,2007,3,7.2,7.2,2.8,611,1
2007-04-01,2007,4,5.4,5.4,2.4,650,1
2007-05-01,2007,5,19.5,19.5,3.3,615,1
2007-06-01,2007,6,21.3,21.3,3.4,607,1
2007-07-01,2007,7,15.1,15.1,1.9,703,1
2007-08-01,2007,8,9.8,9.8,2.2,669,1
2007-09-01,2007,9,4.0,4.0,2.1,637,1
2007-10-01,2007,10,1.5,1.5,2.4,547,1
2007-11-01,2007,11,2.8,2.8,2.5,437,1
2007-12-01,2007,12,17.3,17.3,3.1,468,1
2008-01-01,2008,1,4.1,4.1,2.8,480,1
2008-02-01,2008,2,2.9,2.9,2.4,490,1
2008-03-01,2008,3,15.5,15.5,2.7,548,1
2008-04-01,2008,4,3.6,3.6,2.3,562,1
2008-05-01,2008,5,4.6,4.6,3.2,637,1
2008-06-01,2008,6,5.2,5.2,2.3,637,1
2008-07-01,2008,7,0.6,0.6,2.0,664,1
2008-08-01,2008,8,0.3,0.3,2.0,525,1
2008-09-01,2008,9,1.2,1.2,2.4,605,1
2008-10-01,2008,10,4.2,4.2,2.9,571,1
2008-11-01,2008,11,6.6,6.6,2.4,445,1
2008-12-01,2008,12,1.0,1.0,2.0,480,1
2009-01-01,2009,1,1.3,1.3,2.0,317,1
2009-02-01,2009,2,1.2,1.2,2.2,385,1
2009-03-01,2009,3,0.6,0.6,2.0,523,1
2009-04-01,2009,4,1.2,1.2,2.2,586,1
2009-05-01,2009,5,2.9,2.9,2.4,610,1
2009-06-01,2009,6,6.3,6.3,2.7,623,1
2009-07-01,2009,7,5.5,5.5,2.6,671,1
2009-08-01,2009,8,0.0,0.0,2.0,691,1
2009-09-01,2009,9,7.1,7.1,2.2,628,1
2009-10-01,2009,10,7.7,7.7,2.7,564,1
2009-11-01,2009,11,6.9,6.9,3.2,452,1
2009-12-01,2009,12,16.3,16.3,3.5,415,1
2010-01-01,2010,1,19.5,19.5,2.5,413,1
2010-02-01,2010,2,28.5,28.5,2.7,376,1
2010-03-01,2010,3,24.0,24.0,3.6,564,1
2010-04-01,2010,4,10.4,10.4,3.3,592,1
2010-05-01,2010,5,13.9,13.9,3.4,573,1
2010-06-01,2010,6,18.8,18.8,3.0,600,1
2010-07-01,2010,7,25.2,25.2,3.4,718,1
2010-08-01,2010,8,29.6,29.6,3.4,689,1
2010-09-01,2010,9,36.4,36.4,4.0,505,1
2010-10-01,2010,10,33.6,33.6,3.9,501,1
2010-11-01,2010,11,34.4,34.4,3.7,404,1
2010-12-01,2010,12,24.5,24.5,3.6,393,1
2011-01-01,2011,1,27.3,27.3,3.1,417,1
2011-02-01,2011,2,48.3,48.3,5.1,399,1
2011-03-01,2011,3,78.6,78.6,6.9,566,1
2011-04-01,2011,4,76.1,76.1,6.2,557,1
2011-05-01,2011,5,58.2,58.2,5.0,607,1
2011-06-01,2011,6,56.1,56.1,5.0,544,1
2011-07-01,2011,7,64.5,64.5,4.8,549,1
2011-08-01,2011,8,65.8,65.8,5.6,605,1
2011-09-01,2011,9,120.1,120.1,8.8,535,1
2011-10-01,2011,10,125.7,125.7,9.0,503,1
2011-11-01,2011,11,139.1,139.1,9.9,434,1
2011-12-01,2011,12,109.3,109.3,8.4,361,1
2012-01-01,2012,1,94.4,94.4,7.1,386,1
2012-02-01,2012,2,47.8,47.8,4.4,388,1
2012-03-01,2012,3,86.6,86.6,7.3,500,1
2012-04-01,2012,4,85.9,85.9,6.9,479,1
2012-05-01,2012,5,96.5,96.5,7.2,543,1
2012-06-01,2012,6,92.0,92.0,6.5,498,1
2012-07-01,2012,7,100.1,100.1,7.3,601,1
2012-08-01,2012,8,94.8,94.8,6.5,612,1
2012-09-01,2012,9,93.7,93.7,8.1,511,1
2012-10-01,2012,10,76.5,76.5,5.1,493,1
2012-11-01,2012,11,87.6,87.6,6.5,382,1
2012-12-01,2012,12,56.8,56.8,5.1,360,1
2013-01-01,2013,1,96.1,96.1,6.3,362,1
2013-02-01,2013,2,60.9,60.9,4.4,363,1
2013-03-01,2013,3,78.3,78.3,6.1,429,1
2013-04-01,2013,4,107.3,107.3,6.8,509,1
2013-05-01,2013,5,120.2,120.2,8.2,487,1
2013-06-01,2013,6,76.7,76.7,5.2,469,1
2013-07-01,2013,7,86.2,86.2,6.7,575,1
2013-08-01,2013,8,91.8,91.8,6.6,563,1
2013-09-01,2013,9,54.5,54.5,5.3,446,1
2013-10-01,2013,10,114.4,114.4,8.2,421,1
2013-11-01,2013,11,113.9,113.9,8.2,321,1
2013-12-01,2013,12,124.2,124.2,9.1,402,1
2014-01-01,2014,1,117.0,117.0,8.2,398,1
2014-02-01,2014,2,146.1,146.1,10.7,384,1
2014-03-01,2014,3,128.7,128.7,8.6,493,1
2014-04-01,2014,4,112.5,112.5,6.9,486,1
2014-05-01,2014,5,112.5,112.5,7.5,493,1
2014-06-01,2014,6,102.9,102.9,7.7,469,1
2014-07-01,2014,7,100.2,100.2,7.4,477,1
2014-08-01,2014,8,106.9,106.9,7.6,486,1
2014-09-01,2014,9,130.0,130.0,8.7,419,1
2014-10-01,2014,10,90.0,90.0,6.9,440,1
2014-11-01,2014,11,103.6,103.6,8.5,397,1
2014-12-01,2014,12,112.9,112.9,7.4,331,1
2015-01-01,2015,1,93.0,93.0,7.5,546,1
2015-02-01,2015,2,66.7,66.7,5.3,442,1
2015-03-01,2015,3,54.5,54.5,4.8,628,1
2015-04-01,2015,4,75.3,75.3,8.2,847,1
2015-05-01,2015,5,88.8,88.8,8.6,895,1
2015-06-01,2015,6,66.5,66.5,6.3,826,1
2015-07-01,2015,7,65.8,65.8,5.7,977,1
2015-08-01,2015,8,64.4,64.4,5.2,892,1
2015-09-01,2015,9,78.6,78.6,6.4,862,1
2015-10-01,2015,10,63.6,63.6,5.4,662,1
2015-11-01,2015,11,62.2,62.2,5.2,622,1
2015-12-01,2015,12,58.0,58.0,5.4,704,1
2016-01-01,2016,1,57.0,57.0,4.7,634,1
2016-02-01,2016,2,56.4,56.4,5.1,662,1
2016-03-01,2016,3,54.1,54.1,4.9,873,1
2016-04-01,2016,4,37.9,37.9,3.5,865,1
2016-05-01,2016,5,51.5,51.5,4.7,878,1
2016-06-01,2016,6,20.5,20.5,2.0,942,1
2016-07-01,2016,7,32.4,32.4,3.8,1025,1
2016-08-01,2016,8,50.2,50.2,4.5,1067,1
2016-09-01,2016,9,44.6,44.6,3.8,900,1
2016-10-01,2016,10,33.4,33.4,3.1,782,1
2016-11-01,2016,11,21.4,21.4,2.6,689,1
2016-12-01,2016,12,18.5,18.5,2.4,623,1
2017-01-01,2017,1,26.1,26.1,2.5,830,1
2017-02-01,2017,2,26.4,26.4,3.7,542,1
2017-03-01,2017,3,17.7,17.7,2.6,1011,1
2017-04-01,2017,4,32.3,32.3,3.7,920,1
2017-05-01,2017,5,18.9,18.9,1.8,1101,1
2017-06-01,2017,6,19.2,19.2,1.4,1136,1
2017-07-01,2017,7,17.8,17.8,2.6,1093,1
2017-08-01,2017,8,32.6,32.6,2.9,1002,1
2017-09-01,2017,9,43.7,43.7,4.1,973,1
2017-10-01,2017,10,13.2,13.2,1.0,1125,1
2017-11-01,2017,11,5.7,5.7,0.5,997,1
2017-12-01,2017,12,8.2,8.2,1.2,714,1
2018-01-01,2018,1,6.8,6.8,1.5,701,1
2018-02-01,2018,2,10.7,10.7,1.1,917,1
2018-03-01,2018,3,2.5,2.5,0.4,1081,1
2018-04-01,2018,4,8.9,8.9,1.3,996,1
2018-05-01,2018,5,13.1,13.1,1.6,1234,1
2018-06-01,2018,6,15.6,15.6,1.6,1070,1
2018-07-01,2018,7,1.6,1.6,0.6,1438,1
2018-08-01,2018,8,8.7,8.7,1.0,1297,1
2018-09-01,2018,9,3.3,3.3,0.6,1223,1
2018-10-01,2018,10,4.9,4.9,1.2,1097,1
2018-11-01,2018,11,4.9,4.9,0.6,771,1
2018-12-01,2018,12,3.1,3.1,0.5,786,1
2019-01-01,2019,1,7.7,7.7,0.8,841,1
2019-02-01,2019,2,0.8,0.8,0.1,1042,1
2019-03-01,2019,3,9.4,9.4,1.0,995,1
2019-04-01,2019,4,9.1,9.1,0.7,1039,1
2019-05-01,2019,5,9.9,9.9,0.7,1159,1
2019-06-01,2019,6,1.2,1.2,0.7,1273,1
2019-07-01,2019,7,0.9,0.9,0.2,1214,1
2019-08-01,2019,8,0.5,0.5,0.1,1344,1
2019-09-01,2019,9,1.1,1.1,0.3,1225,1
2019-10-01,2019,10,0.4,0.4,0.1,1065,1
2019-11-01,2019,11,0.5,0.5,0.1,832,1
2019-12-01,2019,12,1.5,1.5,0.5,855,1
2020-01-01,2020,1,6.2,6.2,0.7,795,1
2020-02-01,2020,2,0.2,0.2,0.1,967,1
2020-03-01,2020,3,1.5,1.5,0.1,1055,1
2020-04-01,2020,4,5.2,5.2,0.6,1234,1
2020-05-01,2020,5,0.2,0.2,0.1,1363,1
2020-06-01,2020,6,5.8,5.8,0.6,1196,1
2020-07-01,2020,7,6.1,6.1,3.7,1548,1
2020-08-01,2020,8,7.5,7.5,4.1,1587,1
2020-09-01,2020,9,0.6,0.6,2.2,1244,1
2020-10-01,2020,10,14.6,14.6,7.4,1215,1
2020-11-01,2020,11,34.5,34.5,8.1,1238,1
2020-12-01,2020,12,23.1,23.1,6.0,998,1
2021-01-01,2021,1,10.4,10.4,5.9,1036,1
2021-02-01,2021,2,8.2,8.2,4.3,1122,1
2021-03-01,2021,3,17.2,17.2,6.2,1322,1
2021-04-01,2021,4,24.5,24.5,6.9,1441,1
2021-05-01,2021,5,21.2,21.2,5.5,1411,1
2021-06-01,2021,6,25.0,25.0,5.7,1411,1
2021-07-01,2021,7,34.3,34.3,9.1,1424,1
2021-08-01,2021,8,22.0,22.0,7.9,1447,1
2021-09-01,2021,9,51.3,51.3,9.6,1361,1
2021-10-01,2021,10,37.4,37.4,8.7,1347,1
2021-11-01,2021,11,34.8,34.8,7.0,1066,1
2021-12-01,2021,12,67.5,67.5,15.6,845,1
2022-01-01,2022,1,55.3,55.3,11.2,1176,1
2022-02-01,2022,2,60.9,60.9,11.1,1146,1
2022-03-01,2022,3,78.6,78.6,14.0,1413,1
2022-04-01,2022,4,84.0,84.0,15.3,1376,1
2022-05-01,2022,5,96.5,96.5,16.3,1401,1
2022-06-01,2022,6,70.3,70.3,13.2,1403,1
2022-07-01,2022,7,91.4,91.4,12.2,1487,1
2022-08-01,2022,8,74.6,74.6,11.3,1470,1
2022-09-01,2022,9,96.0,96.0,16.3,1264,1
2022-10-01,2022,10,95.5,95.5,16.0,1215,1
2022-11-01,2022,11,80.5,80.5,16.2,1047,1
2022-12-01,2022,12,112.8,112.8,16.6,860,1
2023-01-01,2023,1,144.4,144.4,29.4,968,1
2023-02-01,2023,2,111.3,111.3,20.7,1014,1
2023-03-01,2023,3,123.3,123.3,17.9,1081,1
2023-04-01,2023,4,97.6,97.6,18.0,1132,1
2023-05-01,2023,5,137.4,137.4,19.6,1240,1
2023-06-01,2023,6,160.5,160.5,20.0,1248,1
2023-07-01,2023,7,160.0,160.0,18.2,1278,1
2023-08-01,2023,8,114.8,114.8,15.0,1247,1
2023-09-01,2023,9,134.2,134.2,18.3,1261,1
2023-10-01,2023,10,99.9,99.9,16.2,1104,1
2023-11-01,2023,11,107.1,107.1,16.9,928,1
2023-12-01,2023,12,113.5,113.5,17.7,785,1
2024-01-01,2024,1,126.0,126.0,19.8,890,1
2024-02-01,2024,2,123.0,123.0,21.7,806,1
2024-03-01,2024,3,103.7,103.7,16.6,1071,1
2024-04-01,2024,4,137.0,137.0,22.1,1094,1
2024-05-01,2024,5,172.1,172.1,23.1,1215,1
2024-06-01,2024,6,164.1,164.1,21.4,1186,1
2024-07-01,2024,7,196.8,196.8,24.7,1218,1
2024-08-01,2024,8,216.0,216.0,24.5,1279,1
2024-09-01,2024,9,141.1,141.1,19.5,1047,1
2024-10-01,2024,10,165.8,165.8,23.4,1013,1
2024-11-01,2024,11,154.1,154.1,21.2,793,1
2024-12-01,2024,12,154.6,154.6,24.0,653,1
2025-01-01,2025,1,137.0,137.0,23.1,772,1
2025-02-01,2025,2,155.7,155.7,23.6,791,1
2025-03-01,2025,3,134.2,134.2,20.9,1136,1
2025-04-01,2025,4,141.4,141.4,17.7,1199,1
2025-05-01,2025,5,78.5,78.5,10.9,1225,1
2025-06-01,2025,6,114.6,114.6,15.0,1231,1
2025-07-01,2025,7,125.9,125.9,16.7,1278,1
2025-08-01,2025,8,133.7,133.7,18.3,1248,1
2025-09-01,2025,9,129.7,129.7,15.5,1046,1
2025-10-01,2025,10,114.8,114.8,17.2,929,1
2025-11-01,2025,11,91.7,91.7,13.7,882,1
2025-12-01,2025,12,124.2,124.2,21.3,736,1
2026-01-01,2026,1,112.5,112.5,22.1,666,0
2026-02-01,2026,2,78.2,78.2,14.2,757,0
2026-03-01,2026,3,85.9,85.9,12.7,1202,0
2026-04-01,2026,4,79.3,79.3,11.4,1159,0
2026-05-01,2026,5,101.4,101.4,14.8,1130,0
